"sales_id","customer_name","age","age group","email","country","region","purchase_amount","purchase_date"
1,"Cassi Ivantyev",79,"65 or over","civantyev0@ibm.com","Philippines","APAC",305.05,"5/10/2021"
2,"Bennett Digwood",85,"65 or over","bdigwood1@constantcontact.com","Russia","EMEA",7199.11,"4/2/2020"
3,"Luke D'Ambrogio",85,"65 or over","ldambrogio2@bloglovin.com","Russia","EMEA",369.62,"1/19/2021"
4,"Alric Andriolli",51,"45 to 54","aandriolli3@twitter.com","China","APAC",6048.88,"9/10/2021"
5,"Luke Nary",62,"55 to 64","lnary4@digg.com","Ireland","EMEA",5848.85,"1/14/2021"
6,"Clarita Broschek",22,"18 to 24","cbroschek5@eepurl.com","Brazil","Americas",3483.02,"1/30/2021"
7,"Addy Sandbatch",82,"65 or over","asandbatch6@typepad.com","Belarus","EMEA",986.56,"2/10/2021"
8,"Jewel Posthill",32,"25 to 34","jposthill7@addthis.com","Indonesia","APAC",3528.62,"7/7/2021"
9,"Borden Lawrenz",49,"45 to 54","blawrenz8@vinaora.com","China","APAC",2216.17,"12/12/2021"
10,"Tybi Butland",25,"25 to 34","tbutland9@jimdo.com","China","APAC",867.38,"1/9/2020"
11,"Suzanne Churcher",84,"65 or over","schurchera@yellowbook.com","Greece","EMEA",3700.8,"10/20/2021"
12,"Valina Kell",30,"25 to 34","vkellb@etsy.com","China","APAC",1402.37,"10/26/2020"
13,"Alexandr O' Mullane",26,"25 to 34","aoc@cloudflare.com","China","APAC",5637.72,"12/17/2020"
14,"Fitzgerald Erdely",45,"45 to 54","ferdelyd@purevolume.com","Malaysia","APAC",9054.73,"5/1/2020"
15,"Anette Evershed",25,"25 to 34","aevershede@mediafire.com","United States","Americas",9873.94,"3/5/2021"
16,"Kathy Molohan",38,"35 to 44","kmolohanf@rakuten.co.jp","France","EMEA",4135.3,"2/12/2021"
17,"Alard Siseland",79,"65 or over","asiselandg@dion.ne.jp","Japan","APAC",1566.2,"7/15/2020"
18,"Kirsti Naper",37,"35 to 44","knaperh@newyorker.com","China","APAC",8648.71,"6/9/2021"
19,"Dierdre McCullouch",30,"25 to 34","dmccullouchi@people.com.cn","Philippines","APAC",3201.54,"8/30/2020"
20,"Letizia Methley",43,"35 to 44","lmethleyj@yelp.com","Portugal","EMEA",6771.73,"8/24/2020"
21,"Rennie Rein",85,"65 or over","rreink@deviantart.com","Philippines","APAC",2301.29,"11/13/2020"
22,"Breena Condit",75,"65 or over","bconditl@mayoclinic.com","Indonesia","APAC",5948.53,"4/30/2021"
23,"Gradeigh Gotcliffe",48,"45 to 54","ggotcliffem@reference.com","China","APAC",5129.8,"4/24/2020"
24,"Fionna MacCracken",70,"65 or over","fmaccrackenn@state.gov","Thailand","APAC",3445.33,"10/11/2021"
25,"Joanne Jerwood",82,"65 or over","jjerwoodo@sbwire.com","Indonesia","APAC",9846.82,"6/16/2021"
26,"Gardner Frackiewicz",23,"18 to 24","gfrackiewiczp@arstechnica.com","South Africa","EMEA",6000.62,"4/10/2021"
27,"Trudie Hempshall",43,"35 to 44","thempshallq@photobucket.com","Portugal","EMEA",5315.41,"1/31/2021"
28,"Hetty Grinikhinov",59,"55 to 64","hgrinikhinovr@aboutads.info","Armenia","EMEA",7335.56,"9/11/2020"
29,"Jolee Hechlin",64,"55 to 64","jhechlins@intel.com","Argentina","Americas",3342.08,"2/22/2020"
30,"Nanny Pidgin",66,"65 or over","npidgint@cpanel.net","Ireland","EMEA",5881,"5/13/2020"
31,"Glenda Seel",21,"18 to 24","gseelu@about.me","France","EMEA",8625.77,"7/29/2020"
32,"Wrennie Johanssen",38,"35 to 44","wjohanssenv@diigo.com","China","APAC",7199.35,"5/18/2021"
33,"Kathie Effemy",42,"35 to 44","keffemyw@pbs.org","China","APAC",6606.47,"3/23/2021"
34,"Blanca Freschini",65,"65 or over","bfreschinix@yahoo.com","China","APAC",8718.78,"4/23/2021"
35,"Mead Sweeting",84,"65 or over","msweetingy@census.gov","China","APAC",25.6,"1/3/2021"
36,"Lacey Newis",49,"45 to 54","lnewisz@flavors.me","Indonesia","APAC",3628.06,"6/24/2020"
37,"Kira Crosoer",53,"45 to 54","kcrosoer10@bandcamp.com","Afghanistan","EMEA",150.83,"8/19/2021"
38,"Randolf Deniseau",45,"45 to 54","rdeniseau11@virginia.edu","Spain","EMEA",7631.21,"4/13/2020"
39,"Cicely Dantesia",63,"55 to 64","cdantesia12@nydailynews.com","Poland","EMEA",881.98,"2/25/2021"
40,"Duke Purdom",37,"35 to 44","dpurdom13@tripadvisor.com","Thailand","APAC",85.97,"2/2/2020"
41,"Dee dee Pitchford",47,"45 to 54","ddee14@cmu.edu","Albania","EMEA",7319.49,"4/10/2021"
42,"Benny Gimenez",42,"35 to 44","bgimenez15@howstuffworks.com","China","APAC",4392.05,"6/17/2021"
43,"Milka Thoumasson",68,"65 or over","mthoumasson16@chronoengine.com","Comoros","EMEA",4900.12,"4/13/2020"
44,"Robinett Redsull",23,"18 to 24","rredsull17@ask.com","Dominican Republic","Americas",7888.06,"12/16/2021"
45,"Casar Dumsday",83,"65 or over","cdumsday18@biglobe.ne.jp","Venezuela","Americas",4465.22,"9/18/2021"
46,"Dietrich Skillanders",22,"18 to 24","dskillanders19@hao123.com","Croatia","EMEA",5131.26,"12/27/2021"
47,"Melinde Aiken",81,"65 or over","maiken1a@comsenz.com","China","APAC",6188.65,"3/19/2021"
48,"Tiebold Malia",45,"45 to 54","tmalia1b@bravesites.com","Japan","APAC",4847.79,"8/6/2021"
49,"Corney Pilkington",82,"65 or over","cpilkington1c@ucsd.edu","Venezuela","Americas",5757.25,"2/4/2020"
50,"Paulie Rowaszkiewicz",32,"25 to 34","prowaszkiewicz1d@soup.io","Poland","EMEA",3831.02,"4/25/2021"
51,"Felecia Greenhaugh",45,"45 to 54","fgreenhaugh1e@disqus.com","Sweden","EMEA",5993.18,"11/19/2021"
52,"Leta Wilfling",28,"25 to 34","lwilfling1f@msu.edu","Indonesia","APAC",3784.74,"4/12/2020"
53,"Celestina Thurske",81,"65 or over","cthurske1g@cbc.ca","Indonesia","APAC",5877.15,"7/19/2020"
54,"Jermaine Horlick",72,"65 or over","jhorlick1h@skyrock.com","China","APAC",1799.77,"11/8/2020"
55,"Antonietta Lansly",58,"55 to 64","alansly1i@symantec.com","Sweden","EMEA",2927.67,"11/3/2020"
56,"Herman Burchatt",25,"25 to 34","hburchatt1j@pen.io","Peru","Americas",1054.38,"11/15/2021"
57,"Estrellita McPartlin",83,"65 or over","emcpartlin1k@twitpic.com","Argentina","Americas",9989.52,"12/28/2020"
58,"Lorita Yesichev",31,"25 to 34","lyesichev1l@phpbb.com","China","APAC",5269.58,"7/20/2020"
59,"Burlie Crumpton",51,"45 to 54","bcrumpton1m@unc.edu","Ireland","EMEA",330.5,"2/27/2020"
60,"Willy Osbaldstone",34,"25 to 34","wosbaldstone1n@taobao.com","France","EMEA",3990.74,"2/26/2020"
61,"Rosanna Crabbe",74,"65 or over","rcrabbe1o@cdbaby.com","Sweden","EMEA",3548.66,"8/15/2020"
62,"Doralia Futter",75,"65 or over","dfutter1p@ovh.net","Jamaica","Americas",2143.01,"11/2/2020"
63,"Philippa Kinde",60,"55 to 64","pkinde1q@vkontakte.ru","Sweden","EMEA",7597.12,"6/6/2020"
64,"Gerick Decruse",45,"45 to 54","gdecruse1r@slate.com","Mexico","Americas",572.42,"11/3/2020"
65,"Jobyna Cuniam",31,"25 to 34","jcuniam1s@mysql.com","South Korea","APAC",4656.17,"1/2/2021"
66,"Rabbi Vickerstaff",45,"45 to 54","rvickerstaff1t@drupal.org","Myanmar","APAC",5072.54,"8/26/2020"
67,"Purcell Ashfull",63,"55 to 64","pashfull1u@dell.com","Czech Republic","EMEA",4410.9,"11/11/2021"
68,"Roxane Siviter",83,"65 or over","rsiviter1v@dmoz.org","China","APAC",8351.49,"2/19/2020"
69,"Tawsha Petters",46,"45 to 54","tpetters1w@google.de","China","APAC",7856.55,"6/24/2021"
70,"Lauren Habin",78,"65 or over","lhabin1x@behance.net","China","APAC",1758.36,"6/5/2021"
71,"Merissa Blackford",25,"25 to 34","mblackford1y@myspace.com","Poland","EMEA",8429.08,"12/21/2021"
72,"Bessy Kaesmakers",71,"65 or over","bkaesmakers1z@cdbaby.com","Ukraine","EMEA",4476.75,"10/10/2021"
73,"Hendrick Zanolli",84,"65 or over","hzanolli20@vinaora.com","Brazil","Americas",2549.23,"11/22/2021"
74,"Feodor Burnup",43,"35 to 44","fburnup21@sohu.com","Syria","EMEA",9478.02,"9/21/2020"
75,"Susannah Jecock",76,"65 or over","sjecock22@printfriendly.com","Russia","EMEA",6457.6,"6/21/2021"
76,"Weylin Elvin",76,"65 or over","welvin23@reuters.com","China","APAC",6995.84,"7/30/2021"
77,"Barth Kalinsky",33,"25 to 34","bkalinsky24@fema.gov","Brazil","Americas",1212.49,"5/25/2020"
78,"Samantha Stembridge",40,"35 to 44","sstembridge25@about.com","Indonesia","APAC",4011.87,"12/9/2021"
79,"Hendrick Tocher",28,"25 to 34","htocher26@gizmodo.com","Poland","EMEA",5905.06,"1/23/2021"
80,"Isa Fargie",55,"55 to 64","ifargie27@moonfruit.com","Canada","Americas",6824.47,"4/8/2020"
81,"Howey L'Episcopio",39,"35 to 44","hlepiscopio28@digg.com","China","APAC",9649.62,"3/24/2020"
82,"Iorgos Stapels",84,"65 or over","istapels29@networksolutions.com","United States","Americas",6801.87,"1/14/2021"
83,"Zacharia Rulton",21,"18 to 24","zrulton2a@cyberchimps.com","Poland","EMEA",5691.23,"10/20/2021"
84,"Emmy Cauley",84,"65 or over","ecauley2b@dropbox.com","Jordan","EMEA",9339.76,"11/18/2020"
85,"Burt Dullaghan",54,"45 to 54","bdullaghan2c@washington.edu","Argentina","Americas",4636.7,"12/11/2020"
86,"Veriee Cossans",34,"25 to 34","vcossans2d@purevolume.com","China","APAC",4151.88,"11/15/2020"
87,"Ulla Weaver",70,"65 or over","uweaver2e@4shared.com","China","APAC",3998.81,"3/29/2020"
88,"Jennilee MacAulay",56,"55 to 64","jmacaulay2f@google.fr","Russia","EMEA",6151.22,"11/12/2021"
89,"Rasla Bowcher",22,"18 to 24","rbowcher2g@irs.gov","Indonesia","APAC",6103.62,"11/1/2020"
90,"Con Aldwich",84,"65 or over","caldwich2h@constantcontact.com","Indonesia","APAC",2658.12,"9/27/2021"
91,"Perry De Roos",69,"65 or over","pde2i@biglobe.ne.jp","Indonesia","APAC",290.17,"11/14/2021"
92,"Dorine Badman",18,"18 to 24","dbadman2j@exblog.jp","Philippines","APAC",9001.78,"7/25/2020"
93,"Farah Dulinty",22,"18 to 24","fdulinty2k@github.com","Venezuela","Americas",653.37,"5/11/2021"
94,"Beatriz Wetherburn",41,"35 to 44","bwetherburn2l@usa.gov","Brazil","Americas",966.83,"5/13/2020"
95,"Barbette Sille",80,"65 or over","bsille2m@wix.com","Azerbaijan","EMEA",7998.37,"7/21/2020"
96,"Dominga Bakhrushin",41,"35 to 44","dbakhrushin2n@alibaba.com","Indonesia","APAC",2891.34,"6/9/2021"
97,"Deeanne Hanalan",25,"25 to 34","dhanalan2o@devhub.com","Portugal","EMEA",9437.83,"6/27/2020"
98,"Justin Mulvey",73,"65 or over","jmulvey2p@thetimes.co.uk","Philippines","APAC",7367.41,"6/28/2021"
99,"Mommy Bayless",54,"45 to 54","mbayless2q@google.com.hk","Zambia","EMEA",4474.46,"12/14/2021"
100,"Tierney Shillabeare",65,"65 or over","tshillabeare2r@redcross.org","United States","Americas",8400.37,"5/8/2020"
101,"Victoir Kaaskooper",57,"55 to 64","vkaaskooper2s@cisco.com","Japan","APAC",1960.3,"7/7/2021"
102,"Janaye Vamplers",54,"45 to 54","jvamplers2t@mozilla.com","Poland","EMEA",4220.51,"12/7/2021"
103,"Evelyn Hawksley",25,"25 to 34","ehawksley2u@ucoz.com","Tanzania","EMEA",7393.22,"3/22/2021"
104,"Ferd Blackston",28,"25 to 34","fblackston2v@dagondesign.com","China","APAC",5097.77,"7/1/2021"
105,"Silva Twittey",34,"25 to 34","stwittey2w@newsvine.com","Canada","Americas",2594.53,"8/30/2021"
106,"Ramona Trulocke",70,"65 or over","rtrulocke2x@phpbb.com","Bosnia and Herzegovina","EMEA",5115.66,"3/22/2021"
107,"Geoff Woollett",53,"45 to 54","gwoollett2y@senate.gov","France","EMEA",2749.42,"2/20/2021"
108,"Sigismond Tomney",66,"65 or over","stomney2z@instagram.com","Zimbabwe","EMEA",7438.31,"7/19/2020"
109,"Mahmoud Heater",55,"55 to 64","mheater30@163.com","Japan","APAC",9139.93,"4/22/2021"
110,"Marijn Skeemer",67,"65 or over","mskeemer31@plala.or.jp","Kenya","EMEA",9935.69,"4/28/2020"
111,"Berthe Casewell",79,"65 or over","bcasewell32@java.com","United States","Americas",2764.96,"3/13/2020"
112,"Karyn Andrassy",73,"65 or over","kandrassy33@arizona.edu","Philippines","APAC",3924.84,"4/16/2021"
113,"Katina Leal",40,"35 to 44","kleal34@goo.gl","Argentina","Americas",5491.65,"5/12/2021"
114,"Pearla Dublin",21,"18 to 24","pdublin35@spotify.com","Portugal","EMEA",3205.67,"9/3/2020"
115,"Quinn Wrettum",21,"18 to 24","qwrettum36@cdc.gov","South Africa","EMEA",8994.7,"11/25/2020"
116,"Grove Soames",22,"18 to 24","gsoames37@rediff.com","Ukraine","EMEA",7313.86,"6/17/2020"
117,"Galvin Conisbee",34,"25 to 34","gconisbee38@answers.com","Indonesia","APAC",7585.5,"5/6/2021"
118,"Melinda Lubeck",68,"65 or over","mlubeck39@timesonline.co.uk","Norway","EMEA",8609.29,"8/2/2021"
119,"Maudie Iacivelli",75,"65 or over","miacivelli3a@elegantthemes.com","Russia","EMEA",6674,"12/21/2020"
120,"Gannie Flintuff",74,"65 or over","gflintuff3b@google.com.br","Czech Republic","EMEA",7787.63,"9/4/2020"
121,"Genevra Mooring",43,"35 to 44","gmooring3c@cisco.com","Philippines","APAC",2317.33,"1/2/2021"
122,"Nicky Fricke",64,"55 to 64","nfricke3d@imgur.com","Norway","EMEA",1997.74,"10/31/2020"
123,"Mattie Eirwin",44,"35 to 44","meirwin3e@dailymotion.com","China","APAC",6994.91,"4/18/2021"
124,"Phaidra Cheves",85,"65 or over","pcheves3f@odnoklassniki.ru","China","APAC",234.98,"10/30/2020"
125,"Aridatha Coster",74,"65 or over","acoster3g@sun.com","China","APAC",333.47,"12/22/2021"
126,"Larissa Zapater",31,"25 to 34","lzapater3h@artisteer.com","Guatemala","Americas",8005.06,"11/1/2020"
127,"Johnny Camies",72,"65 or over","jcamies3i@fema.gov","Norway","EMEA",1896.91,"7/22/2020"
128,"Brig Calow",25,"25 to 34","bcalow3j@buzzfeed.com","Japan","APAC",6693.39,"5/23/2021"
129,"Nissie Garrould",65,"65 or over","ngarrould3k@baidu.com","Croatia","EMEA",4053.73,"8/1/2021"
130,"Babita Darthe",84,"65 or over","bdarthe3l@illinois.edu","Poland","EMEA",5072.02,"3/20/2021"
131,"Sherilyn Debney",54,"45 to 54","sdebney3m@google.pl","Portugal","EMEA",3483.6,"8/15/2020"
132,"Audy Moiser",44,"35 to 44","amoiser3n@economist.com","Zambia","EMEA",3366.51,"4/16/2020"
133,"Tedman Breadmore",50,"45 to 54","tbreadmore3o@umich.edu","Indonesia","APAC",1443.4,"3/20/2021"
134,"Manuel Sine",25,"25 to 34","msine3p@wufoo.com","Morocco","EMEA",8379.9,"7/23/2020"
135,"Rustin Cresswell",26,"25 to 34","rcresswell3q@symantec.com","Sweden","EMEA",9832.46,"4/12/2021"
136,"Tibold MacCartan",56,"55 to 64","tmaccartan3r@yahoo.com","Russia","EMEA",4568.92,"3/29/2021"
137,"Nelle Jehaes",37,"35 to 44","njehaes3s@europa.eu","China","APAC",7541.71,"7/9/2021"
138,"Sandie Lebrun",55,"55 to 64","slebrun3t@scientificamerican.com","Portugal","EMEA",1116.33,"5/20/2021"
139,"Gabrielle Bartoszinski",51,"45 to 54","gbartoszinski3u@cargocollective.com","China","APAC",4398.59,"6/2/2020"
140,"Meade Tooby",49,"45 to 54","mtooby3v@tuttocitta.it","Philippines","APAC",6232.28,"10/29/2020"
141,"Selene Bryson",82,"65 or over","sbryson3w@cpanel.net","China","APAC",3048.96,"8/16/2021"
142,"Chadd Jeffes",50,"45 to 54","cjeffes3x@ebay.com","Honduras","Americas",450.21,"4/12/2021"
143,"Constantine Motherwell",41,"35 to 44","cmotherwell3y@chron.com","Mexico","Americas",9344.65,"5/4/2020"
144,"Brandea McCrostie",58,"55 to 64","bmccrostie3z@apple.com","Austria","EMEA",2915.92,"6/23/2021"
145,"Jacob MacAndreis",79,"65 or over","jmacandreis40@skype.com","Indonesia","APAC",288.89,"9/25/2020"
146,"Daniella Yukhtin",23,"18 to 24","dyukhtin41@google.cn","Hungary","EMEA",7115.21,"9/18/2020"
147,"Chelsae Sirmon",65,"65 or over","csirmon42@alexa.com","Comoros","EMEA",3406.32,"6/7/2021"
148,"Grady Bineham",78,"65 or over","gbineham43@wordpress.org","China","APAC",3017.88,"11/4/2020"
149,"Sebastien Edlyn",69,"65 or over","sedlyn44@goo.gl","Yemen","EMEA",5122.45,"12/15/2020"
150,"Priscella Louw",53,"45 to 54","plouw45@prlog.org","Brazil","Americas",9407.44,"12/28/2020"
151,"Leonora Gollop",62,"55 to 64","lgollop46@google.co.jp","China","APAC",2665.29,"3/5/2020"
152,"Maurice Ladds",34,"25 to 34","mladds47@hhs.gov","China","APAC",9656.81,"7/26/2020"
153,"Kahaleel Mougel",35,"35 to 44","kmougel48@barnesandnoble.com","Peru","Americas",7232.14,"7/13/2020"
154,"Giavani Lammiman",23,"18 to 24","glammiman49@webmd.com","Indonesia","APAC",4474.27,"8/17/2020"
155,"Lyndsie Gerretsen",74,"65 or over","lgerretsen4a@google.ca","Indonesia","APAC",3520.83,"2/19/2021"
156,"Moira MacGahy",79,"65 or over","mmacgahy4b@dell.com","Indonesia","APAC",7061.64,"6/4/2020"
157,"Yehudi Worlidge",65,"65 or over","yworlidge4c@miitbeian.gov.cn","Indonesia","APAC",1450.99,"1/29/2020"
158,"Mario Nowakowska",56,"55 to 64","mnowakowska4d@paypal.com","Kazakhstan","EMEA",4915.26,"12/22/2020"
159,"Kipp Eborall",54,"45 to 54","keborall4e@ucla.edu","Japan","APAC",2148.47,"2/27/2020"
160,"Dore Guarnier",47,"45 to 54","dguarnier4f@webeden.co.uk","Poland","EMEA",7015.19,"6/27/2021"
161,"Bertine Tivers",55,"55 to 64","btivers4g@latimes.com","Afghanistan","EMEA",5567.32,"7/1/2021"
162,"Cicily Schwandner",45,"45 to 54","cschwandner4h@cargocollective.com","Canada","Americas",1249.75,"12/27/2020"
163,"Chalmers Fasse",24,"18 to 24","cfasse4i@gmpg.org","Uganda","EMEA",6739.6,"7/14/2021"
164,"Gay Raeburn",43,"35 to 44","graeburn4j@latimes.com","Philippines","APAC",8776.09,"4/26/2020"
165,"Wallie Axtell",55,"55 to 64","waxtell4k@ustream.tv","China","APAC",1075,"7/17/2021"
166,"Allistir Phythian",24,"18 to 24","aphythian4l@china.com.cn","Palestinian Territory","EMEA",1796.77,"5/22/2021"
167,"Genny McCulley",37,"35 to 44","gmcculley4m@uiuc.edu","Russia","EMEA",9031.84,"4/3/2020"
168,"Moe Rennie",19,"18 to 24","mrennie4n@nifty.com","Russia","EMEA",4602.43,"8/1/2020"
169,"Annmarie Ledbetter",52,"45 to 54","aledbetter4o@mayoclinic.com","Netherlands","EMEA",9243.37,"3/7/2021"
170,"Staffard Water",60,"55 to 64","swater4p@csmonitor.com","Peru","Americas",9603.65,"2/10/2021"
171,"Harrietta McShee",67,"65 or over","hmcshee4q@wired.com","Philippines","APAC",8356.15,"12/3/2021"
172,"Rodi Restorick",30,"25 to 34","rrestorick4r@earthlink.net","Paraguay","Americas",5452.19,"12/25/2020"
173,"Ginelle Butler",45,"45 to 54","gbutler4s@wix.com","Russia","EMEA",30.22,"4/27/2021"
174,"Graig Reidie",64,"55 to 64","greidie4t@aboutads.info","France","EMEA",8180.21,"3/4/2021"
175,"Luisa Rysom",52,"45 to 54","lrysom4u@xing.com","Greece","EMEA",4388.62,"8/15/2021"
176,"Baron Olifard",53,"45 to 54","bolifard4v@yelp.com","China","APAC",1496.42,"9/17/2020"
177,"Yoko Vassano",77,"65 or over","yvassano4w@nhs.uk","Cuba","Americas",298.84,"1/4/2021"
178,"Leonelle Hulle",78,"65 or over","lhulle4x@nbcnews.com","China","APAC",9350.33,"10/26/2021"
179,"Rennie Jerche",76,"65 or over","rjerche4y@ustream.tv","Brazil","Americas",5472.43,"1/3/2020"
180,"Lilia Axcell",47,"45 to 54","laxcell4z@friendfeed.com","China","APAC",5988.58,"7/26/2020"
181,"Kylie Ewin",48,"45 to 54","kewin50@shinystat.com","Japan","APAC",8289.16,"6/28/2020"
182,"Vernen Wipper",31,"25 to 34","vwipper51@netscape.com","El Salvador","Americas",51.19,"9/24/2021"
183,"Willie Piffe",56,"55 to 64","wpiffe52@elpais.com","Philippines","APAC",8285.12,"12/11/2020"
184,"Hobey Brugman",48,"45 to 54","hbrugman53@nyu.edu","Indonesia","APAC",6916.59,"7/31/2021"
185,"Lise Buss",81,"65 or over","lbuss54@wisc.edu","Netherlands","EMEA",7744.63,"6/6/2021"
186,"Wandie Duke",19,"18 to 24","wduke55@posterous.com","China","APAC",5200.53,"11/23/2021"
187,"Joyann Cockren",42,"35 to 44","jcockren56@sourceforge.net","China","APAC",8568.41,"6/15/2021"
188,"Raddie Rutherfoord",66,"65 or over","rrutherfoord57@sina.com.cn","China","APAC",2615.86,"6/1/2021"
189,"Elise Dunaway",57,"55 to 64","edunaway58@economist.com","Russia","EMEA",2462.32,"10/27/2020"
190,"Selie Gauld",49,"45 to 54","sgauld59@naver.com","Indonesia","APAC",4862.4,"7/8/2020"
191,"Gaynor Martinson",61,"55 to 64","gmartinson5a@paypal.com","Slovenia","EMEA",5493.56,"9/2/2021"
192,"Theo Jerger",45,"45 to 54","tjerger5b@chicagotribune.com","China","APAC",768.49,"6/29/2020"
193,"Haywood Camock",72,"65 or over","hcamock5c@unc.edu","Mexico","Americas",2370.34,"1/24/2020"
194,"Ettie Cator",35,"35 to 44","ecator5d@phpbb.com","Mexico","Americas",9546.75,"10/8/2021"
195,"Rhea Lardeur",35,"35 to 44","rlardeur5e@imdb.com","China","APAC",7556.68,"7/1/2021"
196,"Bradan Michell",72,"65 or over","bmichell5f@cmu.edu","Greece","EMEA",1267,"4/11/2021"
197,"Urbano Dumbrall",43,"35 to 44","udumbrall5g@ask.com","Indonesia","APAC",6792.25,"11/14/2021"
198,"Roanna Oakinfold",20,"18 to 24","roakinfold5h@ucoz.ru","Indonesia","APAC",1496.45,"10/2/2021"
199,"Lorilyn Bastard",61,"55 to 64","lbastard5i@nydailynews.com","Thailand","APAC",2083.1,"7/13/2020"
200,"Harbert Clemence",79,"65 or over","hclemence5j@cnn.com","Vietnam","APAC",7687.22,"12/16/2020"
201,"Sidney Sirman",46,"45 to 54","ssirman5k@va.gov","Serbia","EMEA",8246.29,"3/23/2020"
202,"Baird Loram",42,"35 to 44","bloram5l@si.edu","Armenia","EMEA",8098.05,"3/10/2020"
203,"Doralia Nobriga",20,"18 to 24","dnobriga5m@virginia.edu","Portugal","EMEA",6545.56,"4/16/2021"
204,"Redford Marian",68,"65 or over","rmarian5n@upenn.edu","France","EMEA",7745.95,"9/23/2021"
205,"Johann Bachman",22,"18 to 24","jbachman5o@google.com.hk","Russia","EMEA",8841.41,"11/25/2020"
206,"Kirby Skrine",77,"65 or over","kskrine5p@google.ru","Cameroon","EMEA",8120.38,"7/9/2021"
207,"Langston Hutchinges",23,"18 to 24","lhutchinges5q@simplemachines.org","Indonesia","APAC",6821.94,"6/19/2021"
208,"Quint Varne",82,"65 or over","qvarne5r@tmall.com","Trinidad and Tobago","Americas",6782.61,"5/28/2020"
209,"Sven Wethered",35,"35 to 44","swethered5s@wikipedia.org","Colombia","Americas",2902.4,"2/15/2020"
210,"Karil Rawlinson",77,"65 or over","krawlinson5t@vimeo.com","Brazil","Americas",5274.44,"10/15/2021"
211,"Lombard Merrett",63,"55 to 64","lmerrett5u@deliciousdays.com","Argentina","Americas",8618.73,"3/8/2020"
212,"Mord Berndt",20,"18 to 24","mberndt5v@cnbc.com","Israel","EMEA",1107.54,"11/22/2021"
213,"Doria Critchley",50,"45 to 54","dcritchley5w@wp.com","Thailand","APAC",4222.61,"1/7/2021"
214,"Alena Blackmore",37,"35 to 44","ablackmore5x@google.com","Venezuela","Americas",1888.68,"5/8/2021"
215,"Wileen Boliver",49,"45 to 54","wboliver5y@gizmodo.com","Indonesia","APAC",3722.74,"5/16/2021"
216,"Torrie Rudolph",19,"18 to 24","trudolph5z@va.gov","Philippines","APAC",3318.41,"6/11/2020"
217,"Ernesto Nassey",39,"35 to 44","enassey60@nyu.edu","Slovenia","EMEA",622.3,"9/28/2020"
218,"Darrell Leon",57,"55 to 64","dleon61@independent.co.uk","China","APAC",282.45,"4/27/2021"
219,"Mariann Marunchak",26,"25 to 34","mmarunchak62@miibeian.gov.cn","Ukraine","EMEA",1304.5,"12/19/2021"
220,"Lauraine Arbuckel",34,"25 to 34","larbuckel63@cnn.com","China","APAC",5557.86,"1/6/2020"
221,"Ruggiero Birtwistle",24,"18 to 24","rbirtwistle64@google.de","France","EMEA",4425.53,"3/11/2020"
222,"Rosalyn Spearett",77,"65 or over","rspearett65@home.pl","New Zealand","APAC",2328.65,"11/14/2021"
223,"Zollie Handford",70,"65 or over","zhandford66@netscape.com","Brazil","Americas",6173.11,"3/19/2021"
224,"Udale Postin",42,"35 to 44","upostin67@acquirethisname.com","Indonesia","APAC",8208.25,"9/26/2021"
225,"Pippa Towriss",33,"25 to 34","ptowriss68@phpbb.com","Oman","EMEA",5493.7,"8/29/2021"
226,"Lonni Rolse",36,"35 to 44","lrolse69@dagondesign.com","China","APAC",3287.58,"11/11/2021"
227,"Mauricio Licciardi",47,"45 to 54","mlicciardi6a@posterous.com","China","APAC",7244.39,"10/31/2020"
228,"Gertrude Donoghue",45,"45 to 54","gdonoghue6b@house.gov","China","APAC",3089.44,"4/4/2020"
229,"Rayna Ashington",20,"18 to 24","rashington6c@admin.ch","Bolivia","Americas",7781.41,"2/28/2020"
230,"Olive Kamall",72,"65 or over","okamall6d@indiatimes.com","Portugal","EMEA",9732.61,"4/5/2021"
231,"Josias Lymer",83,"65 or over","jlymer6e@yellowbook.com","Mexico","Americas",735.03,"5/14/2021"
232,"Zondra Volant",38,"35 to 44","zvolant6f@phpbb.com","Philippines","APAC",9328.53,"5/8/2021"
233,"Debra Tewelson",30,"25 to 34","dtewelson6g@ibm.com","Russia","EMEA",595.31,"6/30/2021"
234,"Dorian Eilles",83,"65 or over","deilles6h@europa.eu","Philippines","APAC",5890.56,"11/19/2021"
235,"Maiga De Fries",19,"18 to 24","mde6i@t-online.de","China","APAC",7161.46,"10/18/2021"
236,"Horacio Losbie",45,"45 to 54","hlosbie6j@weebly.com","Brazil","Americas",4470.07,"2/8/2020"
237,"Riane Duce",58,"55 to 64","rduce6k@cargocollective.com","Greece","EMEA",2205.17,"1/24/2020"
238,"Gabriel Fairbrass",34,"25 to 34","gfairbrass6l@gizmodo.com","South Korea","APAC",18.43,"5/14/2020"
239,"Wilmette Snazle",40,"35 to 44","wsnazle6m@symantec.com","Russia","EMEA",9294.6,"6/2/2020"
240,"Aggi Dradey",29,"25 to 34","adradey6n@ebay.com","Philippines","APAC",898.45,"1/11/2020"
241,"Ruthy Armer",80,"65 or over","rarmer6o@weibo.com","Nigeria","EMEA",4670.13,"10/7/2021"
242,"Bevon Wrigley",71,"65 or over","bwrigley6p@webeden.co.uk","Croatia","EMEA",7008.02,"7/2/2020"
243,"Kayne Bullivant",42,"35 to 44","kbullivant6q@cbslocal.com","Peru","Americas",7537.11,"1/4/2020"
244,"Riccardo Jezzard",67,"65 or over","rjezzard6r@zimbio.com","Afghanistan","EMEA",7698.91,"10/23/2020"
245,"Patty Elcome",66,"65 or over","pelcome6s@harvard.edu","South Africa","EMEA",2311.93,"10/15/2021"
246,"Haslett Boyat",80,"65 or over","hboyat6t@issuu.com","Brazil","Americas",147.33,"1/22/2020"
247,"Camellia Tincknell",35,"35 to 44","ctincknell6u@nasa.gov","Philippines","APAC",3875.48,"6/12/2020"
248,"Sibby Maciejak",62,"55 to 64","smaciejak6v@mysql.com","Poland","EMEA",8911.79,"6/23/2020"
249,"Fayina Trelevan",72,"65 or over","ftrelevan6w@baidu.com","Myanmar","APAC",4972.3,"6/21/2021"
250,"Gearalt Teligin",52,"45 to 54","gteligin6x@umich.edu","Japan","APAC",7484.59,"10/26/2021"
251,"Lebbie Bernardinelli",42,"35 to 44","lbernardinelli6y@rambler.ru","Indonesia","APAC",2457.27,"4/7/2020"
252,"Joey Dunnan",23,"18 to 24","jdunnan6z@huffingtonpost.com","Sweden","EMEA",1582.77,"5/19/2020"
253,"Demetria Daverin",35,"35 to 44","ddaverin70@xrea.com","Brazil","Americas",3959.84,"6/27/2021"
254,"Mercy Lissandre",85,"65 or over","mlissandre71@photobucket.com","Indonesia","APAC",2012.82,"6/4/2020"
255,"Jeffry Blanko",57,"55 to 64","jblanko72@alexa.com","Brazil","Americas",2667.04,"5/10/2020"
256,"Dusty Pocock",27,"25 to 34","dpocock73@imageshack.us","Slovenia","EMEA",860.11,"2/22/2021"
257,"Erda Brittin",34,"25 to 34","ebrittin74@bbc.co.uk","Russia","EMEA",2259.29,"8/13/2020"
258,"Elvira Spaducci",85,"65 or over","espaducci75@sitemeter.com","Jordan","EMEA",846.14,"11/24/2020"
259,"Orelle Bettles",22,"18 to 24","obettles76@mail.ru","Peru","Americas",9620.01,"8/5/2021"
260,"Chadd True",75,"65 or over","ctrue77@msu.edu","Egypt","EMEA",5245.7,"7/6/2020"
261,"Mathias Mariault",41,"35 to 44","mmariault78@list-manage.com","Indonesia","APAC",408.75,"11/25/2021"
262,"Quint Guille",75,"65 or over","qguille79@adobe.com","China","APAC",5580.11,"7/15/2020"
263,"Lurleen Itzchaki",43,"35 to 44","litzchaki7a@who.int","Poland","EMEA",1197.82,"5/19/2020"
264,"Nefen Ferrar",26,"25 to 34","nferrar7b@npr.org","Indonesia","APAC",9078.68,"12/2/2021"
265,"Lammond Brogini",32,"25 to 34","lbrogini7c@ycombinator.com","Russia","EMEA",8466.31,"7/17/2020"
266,"Vallie Catmull",24,"18 to 24","vcatmull7d@wordpress.org","Albania","EMEA",7461.65,"8/21/2020"
267,"Dwain Chancelier",38,"35 to 44","dchancelier7e@scientificamerican.com","Micronesia","APAC",3771.42,"11/15/2021"
268,"Glennis Murrell",50,"45 to 54","gmurrell7f@telegraph.co.uk","China","APAC",631.63,"6/21/2021"
269,"Ivie Broscombe",38,"35 to 44","ibroscombe7g@samsung.com","Russia","EMEA",1768.21,"2/18/2020"
270,"Janetta Passman",54,"45 to 54","jpassman7h@washingtonpost.com","Indonesia","APAC",4745.58,"2/16/2021"
271,"Michele Kittless",31,"25 to 34","mkittless7i@census.gov","Colombia","Americas",3261.6,"7/6/2020"
272,"Darelle Trusler",56,"55 to 64","dtrusler7j@arizona.edu","Democratic Republic of the Congo","EMEA",510.2,"7/24/2020"
273,"Silvana Isakovitch",43,"35 to 44","sisakovitch7k@networkadvertising.org","Indonesia","APAC",5594.26,"7/28/2021"
274,"Aeriel Hurkett",57,"55 to 64","ahurkett7l@google.com","Indonesia","APAC",8719.56,"5/30/2020"
275,"Mike Claypole",57,"55 to 64","mclaypole7m@engadget.com","Philippines","APAC",6588.61,"6/12/2020"
276,"Darby Worboy",51,"45 to 54","dworboy7n@columbia.edu","Honduras","Americas",2083.91,"5/16/2020"
277,"Demetrius Allaker",58,"55 to 64","dallaker7o@godaddy.com","China","APAC",7597.69,"8/4/2021"
278,"Gerhardt Santon",56,"55 to 64","gsanton7p@w3.org","China","APAC",1668.64,"6/7/2020"
279,"Rebekkah Kinavan",69,"65 or over","rkinavan7q@biblegateway.com","Honduras","Americas",1366.95,"11/13/2020"
280,"Tamarah Carmody",21,"18 to 24","tcarmody7r@elegantthemes.com","Finland","EMEA",848.59,"7/24/2020"
281,"Kyla Gianullo",45,"45 to 54","kgianullo7s@nytimes.com","Poland","EMEA",7654.73,"10/8/2021"
282,"Almira Grisdale",76,"65 or over","agrisdale7t@umich.edu","Latvia","EMEA",9292.99,"4/17/2021"
283,"Mirilla McNickle",27,"25 to 34","mmcnickle7u@ucoz.ru","Russia","EMEA",4949.69,"7/26/2020"
284,"Marlin Luckman",37,"35 to 44","mluckman7v@phpbb.com","Philippines","APAC",6124.96,"5/5/2021"
285,"Tyne Eul",33,"25 to 34","teul7w@barnesandnoble.com","China","APAC",1787.2,"7/11/2020"
286,"Carolan Rzehorz",63,"55 to 64","crzehorz7x@altervista.org","Sweden","EMEA",9947.79,"11/21/2021"
287,"Codi Millea",67,"65 or over","cmillea7y@nature.com","Philippines","APAC",3667.77,"4/18/2021"
288,"Edie Thornley",50,"45 to 54","ethornley7z@hostgator.com","Indonesia","APAC",8960.34,"9/10/2020"
289,"Danica Cashman",66,"65 or over","dcashman80@bing.com","Russia","EMEA",4049.26,"9/11/2020"
290,"Huntley McRobb",33,"25 to 34","hmcrobb81@si.edu","Philippines","APAC",6852.33,"3/16/2021"
291,"Riki Goldingay",62,"55 to 64","rgoldingay82@fastcompany.com","Russia","EMEA",1509.92,"1/1/2021"
292,"Luisa Widdowfield",85,"65 or over","lwiddowfield83@nhs.uk","Croatia","EMEA",9901.4,"5/27/2021"
293,"Sammy Emor",36,"35 to 44","semor84@cornell.edu","China","APAC",1087.78,"7/31/2020"
294,"Chandra Marcussen",61,"55 to 64","cmarcussen85@meetup.com","North Korea","APAC",4626.47,"11/11/2020"
295,"Gregorio MacElharge",59,"55 to 64","gmacelharge86@spiegel.de","Indonesia","APAC",5010.99,"4/27/2020"
296,"Angel Oxton",46,"45 to 54","aoxton87@who.int","Brazil","Americas",9261.64,"6/8/2021"
297,"Gaultiero Janacek",28,"25 to 34","gjanacek88@sina.com.cn","Brazil","Americas",3903.39,"11/15/2021"
298,"Jacklin Farncombe",28,"25 to 34","jfarncombe89@chronoengine.com","Russia","EMEA",6658.63,"7/17/2021"
299,"Merle O'Feeny",24,"18 to 24","mofeeny8a@businessweek.com","Czech Republic","EMEA",9285.43,"1/3/2020"
300,"Kin Le Fleming",36,"35 to 44","kle8b@weibo.com","Belarus","EMEA",4524.55,"9/21/2021"
301,"Ottilie Tink",68,"65 or over","otink8c@vimeo.com","Greece","EMEA",7148.98,"11/16/2021"
302,"Tybalt Latta",26,"25 to 34","tlatta8d@a8.net","Russia","EMEA",7999.1,"5/19/2020"
303,"Wini Doorey",63,"55 to 64","wdoorey8e@clickbank.net","Poland","EMEA",7743.91,"1/31/2020"
304,"Matilde Lord",20,"18 to 24","mlord8f@cargocollective.com","Philippines","APAC",7943.8,"7/18/2020"
305,"Kerri Yellop",29,"25 to 34","kyellop8g@yelp.com","Cambodia","APAC",4041.05,"5/28/2020"
306,"Chiquita Alfonso",68,"65 or over","calfonso8h@yandex.ru","Poland","EMEA",3842.42,"12/11/2020"
307,"Concordia Dinkin",52,"45 to 54","cdinkin8i@xrea.com","Ukraine","EMEA",4686.66,"5/10/2020"
308,"Hermine Pierrepoint",85,"65 or over","hpierrepoint8j@cdbaby.com","Sweden","EMEA",8568.72,"2/4/2020"
309,"Estrella Baulcombe",77,"65 or over","ebaulcombe8k@google.cn","Russia","EMEA",1457.3,"12/19/2020"
310,"Allis Carlill",22,"18 to 24","acarlill8l@huffingtonpost.com","Indonesia","APAC",8899.86,"5/10/2020"
311,"Bunny Thunnercliffe",57,"55 to 64","bthunnercliffe8m@cnn.com","France","EMEA",5576.91,"8/16/2021"
312,"Jolyn Bentje",76,"65 or over","jbentje8n@sina.com.cn","Russia","EMEA",3562.75,"2/19/2020"
313,"Valerie Billiard",81,"65 or over","vbilliard8o@godaddy.com","Russia","EMEA",8759.84,"4/24/2021"
314,"Wiatt Cumesky",26,"25 to 34","wcumesky8p@mapy.cz","China","APAC",4459.77,"5/3/2021"
315,"Gertruda Scading",32,"25 to 34","gscading8q@delicious.com","Indonesia","APAC",3240.46,"10/3/2020"
316,"Alfi Ashburne",82,"65 or over","aashburne8r@slideshare.net","Syria","EMEA",662.4,"2/7/2020"
317,"Flo Benzies",24,"18 to 24","fbenzies8s@indiegogo.com","Indonesia","APAC",8631.25,"2/4/2021"
318,"Eal Swindells",33,"25 to 34","eswindells8t@yelp.com","Russia","EMEA",1340.57,"2/10/2021"
319,"Hannis McAlinion",43,"35 to 44","hmcalinion8u@deviantart.com","Brazil","Americas",5190.52,"1/14/2021"
320,"Fabian Lortz",77,"65 or over","flortz8v@paginegialle.it","Poland","EMEA",9311.38,"5/18/2021"
321,"Marcy Crace",19,"18 to 24","mcrace8w@pcworld.com","Russia","EMEA",7432.58,"10/17/2021"
322,"Jeromy Dutson",69,"65 or over","jdutson8x@paypal.com","Indonesia","APAC",1010.32,"3/29/2021"
323,"Gussy Wylder",73,"65 or over","gwylder8y@netvibes.com","China","APAC",4658.24,"10/6/2021"
324,"Duff Wedderburn",69,"65 or over","dwedderburn8z@omniture.com","Indonesia","APAC",1684.13,"9/28/2020"
325,"Dorry McKee",37,"35 to 44","dmckee90@theguardian.com","Bulgaria","EMEA",6825.56,"6/13/2020"
326,"Alli Cotgrove",78,"65 or over","acotgrove91@sogou.com","Czech Republic","EMEA",7778.01,"4/21/2020"
327,"Robby Bridgett",73,"65 or over","rbridgett92@google.com.au","Indonesia","APAC",5141.28,"7/10/2021"
328,"Yasmeen Alenichicov",37,"35 to 44","yalenichicov93@hubpages.com","Brazil","Americas",8262.62,"6/5/2021"
329,"Munroe Snowdon",18,"18 to 24","msnowdon94@twitpic.com","Bulgaria","EMEA",1422.81,"8/19/2020"
330,"Teressa Scough",72,"65 or over","tscough95@skyrock.com","Czech Republic","EMEA",9222.21,"1/26/2021"
331,"Bealle Goudman",52,"45 to 54","bgoudman96@paginegialle.it","Russia","EMEA",3658.69,"10/9/2021"
332,"Montgomery Wain",38,"35 to 44","mwain97@irs.gov","Brazil","Americas",7176.56,"8/20/2021"
333,"Chuck Lugsdin",46,"45 to 54","clugsdin98@about.com","Serbia","EMEA",6790.22,"3/15/2021"
334,"Elden Howsan",43,"35 to 44","ehowsan99@weebly.com","China","APAC",3637.39,"5/27/2020"
335,"Marj Begwell",23,"18 to 24","mbegwell9a@google.pl","Costa Rica","Americas",1566.79,"4/1/2021"
336,"Enrichetta Marquez",23,"18 to 24","emarquez9b@wordpress.org","Macedonia","EMEA",7731.32,"4/25/2020"
337,"Lindsay Clows",61,"55 to 64","lclows9c@tripadvisor.com","China","APAC",9073.13,"10/21/2021"
338,"Napoleon Orknay",30,"25 to 34","norknay9d@weather.com","Japan","APAC",2015.35,"1/29/2020"
339,"Norbert Hoppner",83,"65 or over","nhoppner9e@constantcontact.com","China","APAC",1290.98,"9/5/2021"
340,"Jarred Messent",67,"65 or over","jmessent9f@cnbc.com","Indonesia","APAC",8424.12,"9/1/2020"
341,"Burt Norgan",76,"65 or over","bnorgan9g@cam.ac.uk","China","APAC",6763.4,"7/22/2021"
342,"Jaquenette Zute",43,"35 to 44","jzute9h@ustream.tv","China","APAC",7189.29,"8/11/2020"
343,"Bradford Cota",30,"25 to 34","bcota9i@virginia.edu","Indonesia","APAC",8287.49,"10/5/2021"
344,"Darcy Wansbury",43,"35 to 44","dwansbury9j@networksolutions.com","Brazil","Americas",1088.84,"5/20/2021"
345,"Giulietta Odam",23,"18 to 24","godam9k@acquirethisname.com","Canada","Americas",562.28,"12/1/2021"
346,"Tedra Rosendale",25,"25 to 34","trosendale9l@github.com","Albania","EMEA",1165.86,"11/28/2020"
347,"Claire Falla",68,"65 or over","cfalla9m@sogou.com","Portugal","EMEA",5512.91,"7/15/2020"
348,"Prudence Luck",25,"25 to 34","pluck9n@webeden.co.uk","Russia","EMEA",7428.78,"11/21/2021"
349,"Rab Milhench",31,"25 to 34","rmilhench9o@godaddy.com","Croatia","EMEA",7315.1,"1/6/2021"
350,"Shaun Silk",39,"35 to 44","ssilk9p@businesswire.com","Poland","EMEA",5486.97,"4/30/2021"
351,"Charmain Harbach",24,"18 to 24","charbach9q@marriott.com","China","APAC",1499.31,"8/13/2021"
352,"Shannan Abramamov",52,"45 to 54","sabramamov9r@smh.com.au","Finland","EMEA",1298.24,"8/5/2021"
353,"Vlad McGirl",75,"65 or over","vmcgirl9s@hexun.com","Azerbaijan","EMEA",3487.44,"7/7/2021"
354,"Willamina Vannoni",46,"45 to 54","wvannoni9t@domainmarket.com","Pakistan","EMEA",5185.61,"10/8/2021"
355,"Gay Cabrara",60,"55 to 64","gcabrara9u@si.edu","China","APAC",9851.63,"3/18/2020"
356,"Richard Spur",71,"65 or over","rspur9v@jigsy.com","Russia","EMEA",1645.49,"5/27/2021"
357,"Chance Loudon",64,"55 to 64","cloudon9w@freewebs.com","Peru","Americas",750.59,"9/2/2020"
358,"Brandy Krug",25,"25 to 34","bkrug9x@nationalgeographic.com","Indonesia","APAC",3814.94,"6/28/2020"
359,"Ciel Sondland",19,"18 to 24","csondland9y@harvard.edu","Uganda","EMEA",4.01,"4/21/2021"
360,"Sheilakathryn Jobke",76,"65 or over","sjobke9z@google.de","Poland","EMEA",4713.43,"10/11/2020"
361,"Ceil Roddell",83,"65 or over","croddella0@constantcontact.com","Serbia","EMEA",5758.24,"5/12/2020"
362,"Conrad Lacey",55,"55 to 64","claceya1@i2i.jp","Russia","EMEA",8049.54,"11/28/2020"
363,"Willey Proffer",47,"45 to 54","wproffera2@blogspot.com","South Africa","EMEA",6700.11,"10/31/2020"
364,"Adan Roaf",51,"45 to 54","aroafa3@gizmodo.com","United States","Americas",3797.63,"5/19/2020"
365,"Lizette Lilloe",63,"55 to 64","llilloea4@abc.net.au","Russia","EMEA",8183.96,"9/19/2020"
366,"Missy Plumridege",85,"65 or over","mplumridegea5@usnews.com","Peru","Americas",4193.77,"12/15/2020"
367,"Conrad Gaspard",43,"35 to 44","cgasparda6@nydailynews.com","United States","Americas",2184.21,"7/8/2020"
368,"Bennie Vondrak",56,"55 to 64","bvondraka7@bizjournals.com","Philippines","APAC",4621.88,"8/28/2020"
369,"Clarissa Moulden",51,"45 to 54","cmouldena8@ucoz.com","Croatia","EMEA",231.25,"1/24/2020"
370,"Lorie Daughton",49,"45 to 54","ldaughtona9@youku.com","Cuba","Americas",1783.04,"9/15/2020"
371,"Timmy Iannetti",26,"25 to 34","tiannettiaa@wufoo.com","Brazil","Americas",8247.23,"8/18/2021"
372,"Randee Treppas",39,"35 to 44","rtreppasab@blogs.com","New Zealand","APAC",8704.83,"10/29/2020"
373,"Ashby Barz",42,"35 to 44","abarzac@google.pl","Indonesia","APAC",2267.61,"7/30/2020"
374,"Paxon Dobbins",77,"65 or over","pdobbinsad@clickbank.net","China","APAC",4516.6,"10/22/2021"
375,"Jere Chazier",44,"35 to 44","jchazierae@google.de","Thailand","APAC",827.69,"11/5/2020"
376,"Broderick Tevlin",37,"35 to 44","btevlinaf@china.com.cn","Indonesia","APAC",9523.59,"3/18/2021"
377,"Monti Clausson",72,"65 or over","mclaussonag@geocities.com","Egypt","EMEA",3454.23,"10/2/2021"
378,"Lauralee Calbreath",60,"55 to 64","lcalbreathah@bizjournals.com","Panama","Americas",8291.77,"9/6/2020"
379,"Greer Shires",26,"25 to 34","gshiresai@huffingtonpost.com","Croatia","EMEA",1971.43,"7/4/2020"
380,"Jonathon Gulc",67,"65 or over","jgulcaj@fc2.com","China","APAC",9318.17,"11/30/2021"
381,"Charmane Irnys",44,"35 to 44","cirnysak@google.com","Norway","EMEA",6645.53,"4/22/2021"
382,"Maressa Tirkin",52,"45 to 54","mtirkinal@sciencedaily.com","United States","Americas",6737.84,"3/29/2020"
383,"Tommy Beavan",24,"18 to 24","tbeavanam@moonfruit.com","Armenia","EMEA",2017.74,"7/3/2020"
384,"Town Lovewell",42,"35 to 44","tlovewellan@ebay.com","Philippines","APAC",2946.94,"12/22/2021"
385,"Paul Hessay",25,"25 to 34","phessayao@nsw.gov.au","Ireland","EMEA",729.33,"5/15/2021"
386,"Julietta Bruinemann",73,"65 or over","jbruinemannap@tuttocitta.it","Sweden","EMEA",1238.53,"3/16/2020"
387,"Umberto Gilpin",45,"45 to 54","ugilpinaq@freewebs.com","Guatemala","Americas",9937.25,"2/10/2021"
388,"Brittani Wheatley",59,"55 to 64","bwheatleyar@usatoday.com","Sweden","EMEA",5307.33,"1/5/2021"
389,"Orville Cuthbert",51,"45 to 54","ocuthbertas@godaddy.com","United States","Americas",7578.11,"8/15/2020"
390,"Abie Van der Kruijs",67,"65 or over","avanat@phoca.cz","Poland","EMEA",6206.05,"11/14/2020"
391,"Grissel Seagrave",43,"35 to 44","gseagraveau@bandcamp.com","France","EMEA",663.27,"3/16/2021"
392,"Mirna MacGillavery",46,"45 to 54","mmacgillaveryav@census.gov","China","APAC",3713.22,"9/27/2020"
393,"Kimball Boydle",31,"25 to 34","kboydleaw@about.me","China","APAC",5438.08,"10/26/2021"
394,"Gilburt Scripture",30,"25 to 34","gscriptureax@xrea.com","Trinidad and Tobago","Americas",4825.76,"12/18/2021"
395,"Prudence Bloxsum",52,"45 to 54","pbloxsumay@nps.gov","Armenia","EMEA",3451.63,"11/9/2020"
396,"Doe Thams",81,"65 or over","dthamsaz@cyberchimps.com","Russia","EMEA",6419.66,"11/10/2020"
397,"Tilda Dorbin",30,"25 to 34","tdorbinb0@domainmarket.com","Thailand","APAC",1784.23,"7/31/2020"
398,"Ketty Konertz",28,"25 to 34","kkonertzb1@who.int","Ukraine","EMEA",1585.06,"11/30/2021"
399,"Josias Romain",57,"55 to 64","jromainb2@unesco.org","Brazil","Americas",8046.27,"5/3/2020"
400,"Rabbi Guiton",82,"65 or over","rguitonb3@cornell.edu","Philippines","APAC",784,"4/26/2020"
401,"Fiona Janaud",25,"25 to 34","fjanaudb4@nytimes.com","Philippines","APAC",667.16,"6/30/2021"
402,"Berky Lambrick",42,"35 to 44","blambrickb5@mashable.com","France","EMEA",9240.62,"8/19/2020"
403,"Ivy Pittway",41,"35 to 44","ipittwayb6@apple.com","Libya","EMEA",2375.75,"10/12/2020"
404,"Hugo Longcake",81,"65 or over","hlongcakeb7@arizona.edu","Indonesia","APAC",3755.95,"3/28/2020"
405,"Filip O'Regan",77,"65 or over","foreganb8@admin.ch","Philippines","APAC",1496.34,"8/26/2021"
406,"Skelly Rawcliff",56,"55 to 64","srawcliffb9@parallels.com","China","APAC",1427.72,"7/10/2020"
407,"Dido Heditch",41,"35 to 44","dheditchba@ifeng.com","Palestinian Territory","EMEA",8281.07,"4/27/2021"
408,"Chandler Stonall",46,"45 to 54","cstonallbb@google.co.uk","Sweden","EMEA",3331.54,"1/7/2021"
409,"Loria Janku",19,"18 to 24","ljankubc@shutterfly.com","China","APAC",6087.29,"9/10/2020"
410,"Abbie Roache",71,"65 or over","aroachebd@accuweather.com","Indonesia","APAC",7286.54,"7/11/2021"
411,"Cort Rechert",45,"45 to 54","crechertbe@admin.ch","Thailand","APAC",9757.69,"12/29/2020"
412,"May Di Angelo",27,"25 to 34","mdibf@paginegialle.it","China","APAC",4681.34,"3/8/2020"
413,"Clayborne Schultz",53,"45 to 54","cschultzbg@fotki.com","Russia","EMEA",7431.96,"1/25/2020"
414,"Winnah Gregory",58,"55 to 64","wgregorybh@adobe.com","Russia","EMEA",1753.94,"3/26/2021"
415,"Lenore Robert",70,"65 or over","lrobertbi@webeden.co.uk","Finland","EMEA",8034.86,"8/15/2020"
416,"Dari Galliford",72,"65 or over","dgallifordbj@cnet.com","Madagascar","EMEA",3603.79,"3/2/2021"
417,"Evey Ashby",79,"65 or over","eashbybk@msn.com","Mongolia","APAC",4846.28,"1/15/2020"
418,"Tedmund Rakestraw",50,"45 to 54","trakestrawbl@reverbnation.com","China","APAC",334.98,"2/4/2020"
419,"Archy Ohms",80,"65 or over","aohmsbm@china.com.cn","Brazil","Americas",2489.99,"7/7/2021"
420,"Alix Pearlman",37,"35 to 44","apearlmanbn@indiegogo.com","Ukraine","EMEA",7182.78,"11/18/2021"
421,"Brok Buncher",36,"35 to 44","bbuncherbo@phpbb.com","Norway","EMEA",6612.68,"10/5/2021"
422,"Jilleen Keuning",74,"65 or over","jkeuningbp@yellowbook.com","China","APAC",8548.42,"2/16/2021"
423,"Hamnet Phillput",46,"45 to 54","hphillputbq@zimbio.com","Kazakhstan","EMEA",2241.37,"10/25/2021"
424,"Roddie Mountfort",72,"65 or over","rmountfortbr@theglobeandmail.com","China","APAC",1009.66,"12/3/2020"
425,"Gayelord Schimmang",78,"65 or over","gschimmangbs@webmd.com","China","APAC",44.77,"3/27/2020"
426,"Bogart Peyton",48,"45 to 54","bpeytonbt@w3.org","Philippines","APAC",1350.34,"5/9/2021"
427,"Greer Kinnier",82,"65 or over","gkinnierbu@booking.com","Sweden","EMEA",9125.44,"12/5/2020"
428,"Desiree Ferrieroi",67,"65 or over","dferrieroibv@phoca.cz","Poland","EMEA",6515.13,"12/31/2020"
429,"Trixy Phelan",45,"45 to 54","tphelanbw@naver.com","Finland","EMEA",9905.35,"5/11/2021"
430,"Shelley Winham",33,"25 to 34","swinhambx@merriam-webster.com","China","APAC",6523.65,"3/17/2021"
431,"Biddie Childes",72,"65 or over","bchildesby@mit.edu","Canada","Americas",5942.96,"10/11/2021"
432,"Guntar Organer",58,"55 to 64","gorganerbz@psu.edu","New Caledonia","APAC",9333.99,"6/5/2021"
433,"Anette Chappell",61,"55 to 64","achappellc0@chicagotribune.com","Philippines","APAC",7145.49,"10/25/2020"
434,"Hamid Gullis",70,"65 or over","hgullisc1@nbcnews.com","Russia","EMEA",3293.05,"1/18/2021"
435,"Byrann Hatherley",59,"55 to 64","bhatherleyc2@mtv.com","Philippines","APAC",5251.49,"2/11/2021"
436,"Ilise Senogles",35,"35 to 44","isenoglesc3@i2i.jp","Russia","EMEA",3501.86,"5/6/2021"
437,"Batholomew Ruslinge",40,"35 to 44","bruslingec4@census.gov","Indonesia","APAC",884.99,"6/6/2020"
438,"Malissia Mcettrick",50,"45 to 54","mmcettrickc5@wordpress.com","Poland","EMEA",8516.87,"12/22/2020"
439,"Emilee Balcock",33,"25 to 34","ebalcockc6@networksolutions.com","Sierra Leone","EMEA",7908.57,"8/2/2020"
440,"Lotty Capeling",20,"18 to 24","lcapelingc7@theglobeandmail.com","Japan","APAC",8570.75,"2/17/2021"
441,"Tybie Edensor",42,"35 to 44","tedensorc8@qq.com","France","EMEA",7835.75,"7/29/2020"
442,"Colline Joiris",32,"25 to 34","cjoirisc9@amazon.co.uk","Malaysia","APAC",6938.12,"8/5/2021"
443,"Joeann Suffield",83,"65 or over","jsuffieldca@wikispaces.com","Portugal","EMEA",3930.21,"9/13/2020"
444,"Emlynne Corwin",19,"18 to 24","ecorwincb@amazonaws.com","Portugal","EMEA",8027.17,"2/27/2021"
445,"Isa Goodlife",53,"45 to 54","igoodlifecc@chicagotribune.com","Zimbabwe","EMEA",7395.41,"9/14/2020"
446,"Janene Chataignier",76,"65 or over","jchataigniercd@berkeley.edu","China","APAC",3171.89,"2/3/2021"
447,"Emmet Branston",61,"55 to 64","ebranstonce@businessweek.com","Philippines","APAC",9616.67,"12/2/2020"
448,"Delbert Robeiro",45,"45 to 54","drobeirocf@google.nl","Poland","EMEA",7084.51,"8/15/2021"
449,"Elvina Sherville",51,"45 to 54","eshervillecg@marketwatch.com","Indonesia","APAC",3947.98,"7/9/2021"
450,"Taffy Treamayne",22,"18 to 24","ttreamaynech@umich.edu","China","APAC",1154.48,"11/15/2021"
451,"Gretal Pattini",55,"55 to 64","gpattinici@nbcnews.com","Indonesia","APAC",8517.05,"4/22/2021"
452,"Teirtza Pattesall",76,"65 or over","tpattesallcj@nps.gov","Indonesia","APAC",6683.67,"3/9/2020"
453,"Helaine Hardie",74,"65 or over","hhardieck@netscape.com","Czech Republic","EMEA",7384.54,"2/17/2021"
454,"Rog Pershouse",38,"35 to 44","rpershousecl@youtube.com","Thailand","APAC",2365.03,"8/20/2021"
455,"Juliana Rozea",27,"25 to 34","jrozeacm@xinhuanet.com","Russia","EMEA",6137.53,"9/6/2021"
456,"Kariotta Raeburn",65,"65 or over","kraeburncn@angelfire.com","Russia","EMEA",7977.46,"1/25/2020"
457,"Dulcie Cleveley",69,"65 or over","dcleveleyco@ucoz.ru","Brazil","Americas",9350.82,"7/22/2020"
458,"Hattie Maffia",55,"55 to 64","hmaffiacp@omniture.com","Indonesia","APAC",4082.23,"6/18/2021"
459,"Savina Manlow",24,"18 to 24","smanlowcq@amazon.de","Tunisia","EMEA",5679.09,"1/3/2020"
460,"Wilt Koppeck",76,"65 or over","wkoppeckcr@tuttocitta.it","Finland","EMEA",1945.46,"1/23/2020"
461,"Levi Touret",81,"65 or over","ltouretcs@hc360.com","Peru","Americas",9294.67,"2/15/2021"
462,"Ulric Purrier",22,"18 to 24","upurrierct@nasa.gov","Portugal","EMEA",206.87,"10/22/2021"
463,"Rafaelita Eyeington",33,"25 to 34","reyeingtoncu@ezinearticles.com","China","APAC",4272.74,"5/28/2021"
464,"Richmond Bowkett",61,"55 to 64","rbowkettcv@nasa.gov","Sweden","EMEA",8051.97,"12/15/2020"
465,"Giffer Annable",51,"45 to 54","gannablecw@japanpost.jp","Czech Republic","EMEA",562.68,"5/31/2021"
466,"Garvin Padillo",40,"35 to 44","gpadillocx@sciencedaily.com","Bulgaria","EMEA",4214,"12/17/2021"
467,"Berte Cathersides",20,"18 to 24","bcathersidescy@thetimes.co.uk","Colombia","Americas",7102.06,"8/25/2021"
468,"Eloise Powland",45,"45 to 54","epowlandcz@domainmarket.com","China","APAC",1780.8,"5/13/2021"
469,"Denny Breakspear",45,"45 to 54","dbreakspeard0@g.co","China","APAC",2883.03,"8/3/2020"
470,"Lorne Chatelot",53,"45 to 54","lchatelotd1@ucsd.edu","Indonesia","APAC",8745.86,"5/1/2020"
471,"Ainslie Devoy",65,"65 or over","adevoyd2@epa.gov","Malaysia","APAC",2491,"5/25/2021"
472,"Kristoforo Bautiste",70,"65 or over","kbautisted3@fastcompany.com","Paraguay","Americas",8157.69,"4/27/2020"
473,"Delcina Elen",53,"45 to 54","delend4@state.gov","China","APAC",214.54,"7/29/2020"
474,"Minnie Spary",32,"25 to 34","msparyd5@wikipedia.org","Ukraine","EMEA",2406.63,"2/14/2021"
475,"Zacherie Gaddes",81,"65 or over","zgaddesd6@meetup.com","China","APAC",1750.31,"9/27/2020"
476,"Jaye Meneghelli",65,"65 or over","jmeneghellid7@who.int","China","APAC",499.05,"2/25/2021"
477,"Zea Pellissier",58,"55 to 64","zpellissierd8@ycombinator.com","Serbia","EMEA",3974.9,"3/12/2021"
478,"Stacey Karpol",35,"35 to 44","skarpold9@de.vu","Thailand","APAC",3527.1,"9/2/2021"
479,"Aube Franzelini",31,"25 to 34","afranzelinida@webeden.co.uk","Poland","EMEA",902.84,"1/24/2020"
480,"Jacqui Oxtiby",43,"35 to 44","joxtibydb@opensource.org","Brazil","Americas",4947.13,"9/17/2021"
481,"Arty Drife",83,"65 or over","adrifedc@rakuten.co.jp","Bolivia","Americas",3233.4,"1/31/2020"
482,"Zorina Di Francecshi",66,"65 or over","zdidd@gizmodo.com","China","APAC",7983.41,"9/2/2020"
483,"Franzen Doiley",40,"35 to 44","fdoileyde@squarespace.com","Brazil","Americas",1095.34,"6/16/2021"
484,"Carlita Sparkwill",23,"18 to 24","csparkwilldf@amazonaws.com","Albania","EMEA",9812,"10/19/2021"
485,"Mae Tugwell",85,"65 or over","mtugwelldg@foxnews.com","Benin","EMEA",4336.37,"8/24/2021"
486,"Martita Mottershead",79,"65 or over","mmottersheaddh@chron.com","Serbia","EMEA",4941.65,"10/15/2021"
487,"Willie Shaylor",69,"65 or over","wshaylordi@clickbank.net","Indonesia","APAC",7780.68,"6/29/2020"
488,"Monique Brundrett",37,"35 to 44","mbrundrettdj@xinhuanet.com","Brazil","Americas",4488.63,"4/3/2020"
489,"Stafani Graddell",71,"65 or over","sgraddelldk@phoca.cz","France","EMEA",5433.91,"7/16/2020"
490,"Deedee Petera",41,"35 to 44","dpeteradl@booking.com","Finland","EMEA",5221.35,"4/9/2021"
491,"Codi Kerans",53,"45 to 54","ckeransdm@hhs.gov","Greece","EMEA",4697.34,"2/13/2021"
492,"Jarrad Berrycloth",57,"55 to 64","jberryclothdn@canalblog.com","China","APAC",4010.98,"2/4/2020"
493,"Deni Shedden",67,"65 or over","dsheddendo@tamu.edu","Iran","EMEA",8469.15,"8/17/2021"
494,"Kellby Restill",35,"35 to 44","krestilldp@ucoz.com","Colombia","Americas",2253.72,"7/25/2021"
495,"Catlaina Vassay",49,"45 to 54","cvassaydq@odnoklassniki.ru","Ireland","EMEA",6286.71,"4/24/2020"
496,"Sonya Hember",82,"65 or over","shemberdr@sogou.com","Russia","EMEA",5952.11,"8/16/2021"
497,"Wildon Leebetter",68,"65 or over","wleebetterds@usatoday.com","Russia","EMEA",352.51,"11/18/2021"
498,"Pail Wheble",70,"65 or over","pwhebledt@mac.com","El Salvador","Americas",3145.83,"11/3/2020"
499,"Marillin Kingsnod",82,"65 or over","mkingsnoddu@mit.edu","Mongolia","APAC",7909.27,"11/12/2020"
500,"Lexis Fendt",51,"45 to 54","lfendtdv@csmonitor.com","Mexico","Americas",3223.12,"8/13/2021"
501,"Aloise Schimank",40,"35 to 44","aschimankdw@phoca.cz","China","APAC",9946.31,"5/16/2020"
502,"Hermine McDermott",18,"18 to 24","hmcdermottdx@privacy.gov.au","Cape Verde","EMEA",5743.81,"9/5/2021"
503,"Ricardo Rabbe",61,"55 to 64","rrabbedy@economist.com","Namibia","EMEA",3168.66,"2/15/2020"
504,"Jeannine Gozney",36,"35 to 44","jgozneydz@mac.com","Russia","EMEA",653.14,"9/9/2021"
505,"Loise Madgin",78,"65 or over","lmadgine0@g.co","China","APAC",9269.9,"11/28/2021"
506,"Teodoro Jacqueminet",50,"45 to 54","tjacqueminete1@newyorker.com","Ukraine","EMEA",8759.27,"3/8/2021"
507,"Dimitry Jerok",25,"25 to 34","djeroke2@digg.com","Mongolia","APAC",5330.35,"3/18/2021"
508,"Annadiana Tue",52,"45 to 54","atuee3@twitpic.com","Hungary","EMEA",8852.04,"11/30/2021"
509,"Romola Verbrugge",31,"25 to 34","rverbruggee4@bizjournals.com","Armenia","EMEA",5107.5,"7/26/2020"
510,"Cullie Pleace",26,"25 to 34","cpleacee5@cam.ac.uk","Indonesia","APAC",2231.66,"5/25/2020"
511,"Bil O'Quin",21,"18 to 24","boquine6@shutterfly.com","Japan","APAC",9472.03,"10/15/2021"
512,"Lilia Sonschein",82,"65 or over","lsonscheine7@spotify.com","Indonesia","APAC",4186.25,"1/27/2021"
513,"Tremain Arbor",29,"25 to 34","tarbore8@mashable.com","China","APAC",8424.3,"12/14/2020"
514,"Kippy Jayne",56,"55 to 64","kjaynee9@nyu.edu","Russia","EMEA",7580.52,"4/7/2020"
515,"Eleen Ayto",57,"55 to 64","eaytoea@oakley.com","Japan","APAC",651.62,"5/8/2021"
516,"Colin Elt",70,"65 or over","celteb@princeton.edu","Russia","EMEA",8896.46,"1/2/2021"
517,"Tremayne Cairney",78,"65 or over","tcairneyec@apache.org","Iran","EMEA",3140.89,"3/13/2020"
518,"Giulietta Poolman",60,"55 to 64","gpoolmaned@mozilla.com","Philippines","APAC",6515.25,"12/3/2021"
519,"Kassia Summerly",24,"18 to 24","ksummerlyee@psu.edu","Brazil","Americas",9135.25,"1/7/2021"
520,"Wallie Polycote",47,"45 to 54","wpolycoteef@wufoo.com","China","APAC",9166.85,"3/16/2020"
521,"Nat Bargery",38,"35 to 44","nbargeryeg@twitter.com","United States","Americas",320.99,"7/7/2021"
522,"Carree Tape",40,"35 to 44","ctapeeh@woothemes.com","Argentina","Americas",9385.07,"8/16/2020"
523,"Jobie O'Neary",63,"55 to 64","jonearyei@seattletimes.com","China","APAC",3116.62,"6/24/2021"
524,"Pedro Strut",66,"65 or over","pstrutej@domainmarket.com","Czech Republic","EMEA",3900.98,"11/2/2021"
525,"Aldo Cobbe",63,"55 to 64","acobbeek@fema.gov","Tunisia","EMEA",6087.02,"10/6/2021"
526,"Reamonn Rackstraw",18,"18 to 24","rrackstrawel@sakura.ne.jp","Ireland","EMEA",6713.47,"5/6/2020"
527,"Dukey Davioud",85,"65 or over","ddavioudem@list-manage.com","Canada","Americas",6262.53,"11/28/2021"
528,"Warden Yeldham",80,"65 or over","wyeldhamen@marketwatch.com","Russia","EMEA",792.87,"11/22/2021"
529,"Lem Daile",30,"25 to 34","ldaileeo@epa.gov","Ghana","EMEA",3171.71,"11/11/2021"
530,"Conroy Fakeley",35,"35 to 44","cfakeleyep@mtv.com","Colombia","Americas",7880.72,"1/31/2020"
531,"Pansie Arnaud",47,"45 to 54","parnaudeq@geocities.com","Philippines","APAC",2118.56,"10/3/2020"
532,"Con Faulds",54,"45 to 54","cfauldser@berkeley.edu","Brazil","Americas",7695.73,"3/17/2021"
533,"Dallis Bucky",61,"55 to 64","dbuckyes@japanpost.jp","China","APAC",3553.96,"6/1/2020"
534,"Brooks Tomasik",18,"18 to 24","btomasiket@ustream.tv","Russia","EMEA",8401.71,"9/3/2021"
535,"Lothario Slaney",39,"35 to 44","lslaneyeu@liveinternet.ru","Colombia","Americas",6653.1,"12/8/2020"
536,"Jessie Bartleet",52,"45 to 54","jbartleetev@furl.net","Pakistan","EMEA",4156.81,"1/17/2020"
537,"Lari Blown",80,"65 or over","lblownew@nhs.uk","Sweden","EMEA",5995.59,"8/11/2020"
538,"Melinda Sharpus",61,"55 to 64","msharpusex@hibu.com","Bulgaria","EMEA",9348.79,"5/10/2020"
539,"Verney Thirtle",26,"25 to 34","vthirtleey@pinterest.com","Jordan","EMEA",6208.28,"1/17/2020"
540,"Paco Jex",62,"55 to 64","pjexez@senate.gov","South Africa","EMEA",237.61,"6/9/2021"
541,"Arliene Buffin",19,"18 to 24","abuffinf0@surveymonkey.com","Norway","EMEA",6295.19,"11/5/2021"
542,"Elwin Skains",75,"65 or over","eskainsf1@theguardian.com","Philippines","APAC",1798.9,"3/16/2021"
543,"Chrissie Beecker",39,"35 to 44","cbeeckerf2@weibo.com","Albania","EMEA",8988.76,"2/29/2020"
544,"Wood Ostler",32,"25 to 34","wostlerf3@latimes.com","United States","Americas",7057.76,"7/25/2021"
545,"Harald Husset",20,"18 to 24","hhussetf4@comcast.net","Argentina","Americas",5599.01,"4/21/2020"
546,"Biddy Biffen",36,"35 to 44","bbiffenf5@archive.org","Indonesia","APAC",2892.1,"10/18/2021"
547,"Enoch Borthram",64,"55 to 64","eborthramf6@ibm.com","Indonesia","APAC",1990.62,"9/25/2021"
548,"Harri Loosemore",54,"45 to 54","hloosemoref7@behance.net","Iran","EMEA",7169.52,"7/2/2020"
549,"Beale Darko",85,"65 or over","bdarkof8@unesco.org","Japan","APAC",4812.14,"4/26/2020"
550,"Jeana Lowdes",29,"25 to 34","jlowdesf9@nhs.uk","Russia","EMEA",4643.64,"5/12/2021"
551,"Hasheem Domenici",41,"35 to 44","hdomenicifa@miitbeian.gov.cn","Sweden","EMEA",2154.6,"2/4/2020"
552,"Greta Thurgood",39,"35 to 44","gthurgoodfb@wikispaces.com","Poland","EMEA",9894.26,"9/3/2021"
553,"Bernie Buggy",49,"45 to 54","bbuggyfc@bloglines.com","Japan","APAC",1555.22,"10/4/2021"
554,"Raffarty Hussey",48,"45 to 54","rhusseyfd@sun.com","Ukraine","EMEA",7253.07,"7/22/2020"
555,"Cyrus Bowyer",18,"18 to 24","cbowyerfe@senate.gov","Indonesia","APAC",6178.25,"11/24/2020"
556,"Berkley Nicely",61,"55 to 64","bnicelyff@mapquest.com","Sweden","EMEA",4126.81,"8/20/2020"
557,"Wendeline Duiguid",59,"55 to 64","wduiguidfg@eventbrite.com","China","APAC",4254.12,"2/27/2020"
558,"Flossie Hinkins",81,"65 or over","fhinkinsfh@globo.com","Japan","APAC",8555.55,"7/3/2021"
559,"Marty Cestard",64,"55 to 64","mcestardfi@addthis.com","Cuba","Americas",3651.59,"3/9/2020"
560,"Kerri Giroldi",55,"55 to 64","kgiroldifj@mit.edu","China","APAC",2467.02,"6/25/2020"
561,"Blinnie Loblie",57,"55 to 64","blobliefk@ifeng.com","Indonesia","APAC",3867.49,"9/6/2021"
562,"Tressa Shepland",49,"45 to 54","tsheplandfl@si.edu","China","APAC",4460.33,"11/20/2021"
563,"Nickolas Idill",37,"35 to 44","nidillfm@time.com","China","APAC",4406.59,"5/16/2021"
564,"Ikey Embra",40,"35 to 44","iembrafn@youtube.com","Greece","EMEA",642.1,"1/31/2021"
565,"Brad Murrhaupt",58,"55 to 64","bmurrhauptfo@icq.com","Malaysia","APAC",3339.55,"10/6/2021"
566,"Ginni Gair",49,"45 to 54","ggairfp@theatlantic.com","Poland","EMEA",5982.73,"6/17/2020"
567,"Celestine Mulran",37,"35 to 44","cmulranfq@discovery.com","Portugal","EMEA",6031.81,"3/25/2020"
568,"Cybill Catford",72,"65 or over","ccatfordfr@parallels.com","Mongolia","APAC",1272.09,"3/16/2021"
569,"Tiff Kiehnlt",40,"35 to 44","tkiehnltfs@si.edu","Portugal","EMEA",4244.65,"10/14/2020"
570,"Jonis Josefsohn",80,"65 or over","jjosefsohnft@princeton.edu","China","APAC",2212.08,"1/29/2020"
571,"Vilma Peiro",51,"45 to 54","vpeirofu@who.int","China","APAC",7639.95,"6/18/2021"
572,"Ly Rousell",66,"65 or over","lrousellfv@usda.gov","Portugal","EMEA",4843,"2/1/2021"
573,"Kirsti Ventham",61,"55 to 64","kventhamfw@un.org","Indonesia","APAC",3655.87,"5/13/2021"
574,"Zulema Mullin",58,"55 to 64","zmullinfx@dyndns.org","Sweden","EMEA",4388.65,"10/4/2020"
575,"Adrianne Pautot",57,"55 to 64","apautotfy@freewebs.com","Philippines","APAC",2260.29,"3/10/2020"
576,"Jobi Ranyelld",22,"18 to 24","jranyelldfz@nyu.edu","China","APAC",5834.6,"1/18/2020"
577,"Lindie Garralts",65,"65 or over","lgarraltsg0@ovh.net","Portugal","EMEA",7699.73,"8/6/2021"
578,"Vivia Devonald",49,"45 to 54","vdevonaldg1@bbc.co.uk","Malaysia","APAC",8009.72,"3/8/2021"
579,"Illa Marlon",60,"55 to 64","imarlong2@mozilla.com","Cuba","Americas",1289.61,"12/9/2021"
580,"Jemima Abeles",40,"35 to 44","jabelesg3@ucla.edu","Azerbaijan","EMEA",3953.64,"4/3/2021"
581,"Joeann Poser",53,"45 to 54","jposerg4@bizjournals.com","Brazil","Americas",4805.05,"7/7/2020"
582,"Waylan Rodell",72,"65 or over","wrodellg5@yale.edu","Portugal","EMEA",1454.92,"9/2/2021"
583,"Cobby Cashen",63,"55 to 64","ccasheng6@xing.com","Portugal","EMEA",3958.67,"5/13/2021"
584,"Ogdan Massel",25,"25 to 34","omasselg7@themeforest.net","Belarus","EMEA",9822.06,"12/2/2020"
585,"Elsie Mount",52,"45 to 54","emountg8@vinaora.com","Chile","Americas",3133.27,"1/12/2020"
586,"Rosalind Ballance",53,"45 to 54","rballanceg9@1und1.de","Czech Republic","EMEA",9526.7,"7/30/2020"
587,"Patricia Steggles",21,"18 to 24","pstegglesga@altervista.org","Indonesia","APAC",9630.11,"2/2/2021"
588,"Pavlov Beddall",19,"18 to 24","pbeddallgb@sina.com.cn","Croatia","EMEA",3144.8,"4/3/2021"
589,"Brendis Blackway",38,"35 to 44","bblackwaygc@addthis.com","Russia","EMEA",3710.65,"10/28/2021"
590,"Rochell Thiem",67,"65 or over","rthiemgd@reddit.com","China","APAC",2821.29,"8/5/2021"
591,"Myer Rilston",21,"18 to 24","mrilstonge@ebay.com","Argentina","Americas",4298.8,"11/16/2021"
592,"Lou Berard",83,"65 or over","lberardgf@twitpic.com","China","APAC",2753.2,"1/19/2021"
593,"Mattias Martinho",77,"65 or over","mmartinhogg@cam.ac.uk","Vietnam","APAC",4672.68,"6/28/2020"
594,"Wallie Vany",42,"35 to 44","wvanygh@baidu.com","China","APAC",7010.06,"4/7/2020"
595,"Caren Kobierra",30,"25 to 34","ckobierragi@nba.com","Russia","EMEA",865.68,"7/25/2021"
596,"Betsey Bowlesworth",35,"35 to 44","bbowlesworthgj@tinyurl.com","China","APAC",26.87,"12/1/2020"
597,"Teddie Core",21,"18 to 24","tcoregk@sitemeter.com","Philippines","APAC",4637.22,"11/8/2020"
598,"Ario Theml",56,"55 to 64","athemlgl@pen.io","Indonesia","APAC",5354.82,"1/12/2020"
599,"Ossie Colbert",26,"25 to 34","ocolbertgm@aboutads.info","Indonesia","APAC",6971.24,"5/2/2020"
600,"Ailene Presidey",62,"55 to 64","apresideygn@cbc.ca","Norway","EMEA",7759.01,"2/12/2020"
601,"Virgil Bourdice",56,"55 to 64","vbourdicego@google.com.au","Russia","EMEA",8500.26,"3/16/2021"
602,"Wilfrid Milbourne",35,"35 to 44","wmilbournegp@hhs.gov","Indonesia","APAC",7456.14,"8/16/2020"
603,"Arielle Hands",63,"55 to 64","ahandsgq@dot.gov","China","APAC",3163.11,"3/16/2020"
604,"Tibold Dumblton",42,"35 to 44","tdumbltongr@omniture.com","Russia","EMEA",3280.77,"8/20/2021"
605,"Claus Drayson",57,"55 to 64","cdraysongs@nasa.gov","Peru","Americas",7910.07,"5/2/2021"
606,"Julianne Crucetti",75,"65 or over","jcrucettigt@t-online.de","Kosovo","EMEA",6461.52,"3/22/2020"
607,"Meg Sandlin",33,"25 to 34","msandlingu@deviantart.com","Indonesia","APAC",1900.72,"5/3/2020"
608,"Annemarie Matusov",72,"65 or over","amatusovgv@cam.ac.uk","Portugal","EMEA",5187.56,"7/17/2021"
609,"Jessamine Flight",23,"18 to 24","jflightgw@tamu.edu","France","EMEA",3586.39,"7/21/2020"
610,"Kain Dunbleton",81,"65 or over","kdunbletongx@chicagotribune.com","China","APAC",509.1,"10/13/2021"
611,"Conney Peverell",84,"65 or over","cpeverellgy@cargocollective.com","Luxembourg","EMEA",0.54,"3/17/2020"
612,"Robbyn Magee",44,"35 to 44","rmageegz@msn.com","Indonesia","APAC",702.88,"6/21/2021"
613,"Reinwald Blowers",64,"55 to 64","rblowersh0@economist.com","Cuba","Americas",9231.2,"3/31/2020"
614,"Lowell Cockshott",67,"65 or over","lcockshotth1@skype.com","Colombia","Americas",7367.61,"11/29/2020"
615,"Lurette Elward",59,"55 to 64","lelwardh2@census.gov","Czech Republic","EMEA",5746.62,"4/29/2020"
616,"Scotty Edelheid",68,"65 or over","sedelheidh3@amazon.co.jp","Brazil","Americas",6767.22,"7/25/2020"
617,"Reeva Bellham",57,"55 to 64","rbellhamh4@spiegel.de","Russia","EMEA",2436.92,"9/21/2020"
618,"Jaquelin Viney",40,"35 to 44","jvineyh5@cpanel.net","Philippines","APAC",4834.87,"12/15/2021"
619,"Darlene McCreagh",23,"18 to 24","dmccreaghh6@tmall.com","Sweden","EMEA",3639.23,"10/24/2021"
620,"Daryl Brecknock",18,"18 to 24","dbrecknockh7@spiegel.de","Indonesia","APAC",4872.69,"7/1/2020"
621,"Brit Grinnov",40,"35 to 44","bgrinnovh8@loc.gov","Sweden","EMEA",5719.39,"10/3/2021"
622,"Loutitia Chillingworth",65,"65 or over","lchillingworthh9@hc360.com","Indonesia","APAC",4314.51,"6/1/2021"
623,"Buckie Silverthorne",81,"65 or over","bsilverthorneha@etsy.com","China","APAC",9503.26,"3/8/2021"
624,"Fabio Grabb",71,"65 or over","fgrabbhb@independent.co.uk","China","APAC",8669.5,"2/5/2020"
625,"Kylila Birtwistle",55,"55 to 64","kbirtwistlehc@bloglovin.com","Slovenia","EMEA",8457.78,"2/14/2020"
626,"Lorry Roselli",22,"18 to 24","lrosellihd@sphinn.com","Armenia","EMEA",6460.35,"5/27/2021"
627,"Lucy Seatter",38,"35 to 44","lseatterhe@huffingtonpost.com","China","APAC",8440.35,"10/6/2021"
628,"Jasper Rickardsson",36,"35 to 44","jrickardssonhf@webs.com","China","APAC",910.13,"10/19/2020"
629,"Allegra Dannehl",26,"25 to 34","adannehlhg@tmall.com","China","APAC",5777.66,"9/24/2021"
630,"Liza Taye",63,"55 to 64","ltayehh@1688.com","Philippines","APAC",4437.06,"6/20/2021"
631,"Alix Jauncey",73,"65 or over","ajaunceyhi@icio.us","Indonesia","APAC",38.76,"11/10/2020"
632,"Gaspard Zoellner",23,"18 to 24","gzoellnerhj@slate.com","Norway","EMEA",7489.53,"11/24/2020"
633,"Douglas McNaughton",26,"25 to 34","dmcnaughtonhk@theguardian.com","Azerbaijan","EMEA",2119.27,"11/30/2021"
634,"Raddy Drummond",42,"35 to 44","rdrummondhl@phpbb.com","Czech Republic","EMEA",3942.77,"1/15/2020"
635,"Tony Allbrook",58,"55 to 64","tallbrookhm@unicef.org","Poland","EMEA",3298.34,"6/28/2020"
636,"Sven Van Arsdalen",34,"25 to 34","svanhn@guardian.co.uk","China","APAC",8663.67,"10/5/2021"
637,"Solly Von Oertzen",49,"45 to 54","svonho@nature.com","Portugal","EMEA",8262.06,"8/23/2020"
638,"Joanie Cadden",19,"18 to 24","jcaddenhp@istockphoto.com","China","APAC",5998.39,"11/2/2021"
639,"Noam Sealy",33,"25 to 34","nsealyhq@bluehost.com","Indonesia","APAC",3503.01,"7/6/2020"
640,"Derick Kardos",29,"25 to 34","dkardoshr@soup.io","Bangladesh","APAC",9621.49,"6/1/2020"
641,"Inger Benditt",76,"65 or over","ibenditths@smh.com.au","Madagascar","EMEA",2381.92,"5/7/2020"
642,"Aguie Ahmad",19,"18 to 24","aahmadht@alexa.com","Peru","Americas",991.7,"3/11/2021"
643,"Chuck Berthomier",24,"18 to 24","cberthomierhu@engadget.com","Vietnam","APAC",5096.08,"1/21/2020"
644,"Augustus Foucher",41,"35 to 44","afoucherhv@house.gov","Argentina","Americas",7770.17,"8/14/2020"
645,"Anni Tosspell",28,"25 to 34","atosspellhw@blog.com","China","APAC",9240.76,"5/23/2020"
646,"Lanny Chapelle",67,"65 or over","lchapellehx@amazon.co.jp","China","APAC",2934.4,"11/12/2021"
647,"Frederick Dutson",63,"55 to 64","fdutsonhy@nih.gov","Ecuador","Americas",8109.3,"3/1/2021"
648,"Claudell Chern",55,"55 to 64","cchernhz@amazon.com","China","APAC",113.35,"7/11/2020"
649,"Algernon Klampk",76,"65 or over","aklampki0@t.co","Vietnam","APAC",1693.89,"2/3/2020"
650,"Hakeem Dwelley",56,"55 to 64","hdwelleyi1@miibeian.gov.cn","Ivory Coast","EMEA",7601.92,"4/6/2021"
651,"Akim Symers",18,"18 to 24","asymersi2@harvard.edu","Philippines","APAC",8148.31,"1/17/2020"
652,"Aggy Carlyon",76,"65 or over","acarlyoni3@scribd.com","Reunion","APAC",3433.3,"2/24/2020"
653,"Juline Pawley",63,"55 to 64","jpawleyi4@fastcompany.com","Russia","EMEA",2750.73,"2/11/2021"
654,"Ilaire Portinari",37,"35 to 44","iportinarii5@who.int","Czech Republic","EMEA",2641.71,"7/31/2020"
655,"Edeline Purcell",64,"55 to 64","epurcelli6@rambler.ru","Afghanistan","EMEA",2831.57,"4/4/2021"
656,"Rourke Petrello",67,"65 or over","rpetrelloi7@sogou.com","Armenia","EMEA",6357.68,"10/23/2021"
657,"Ellery Minchin",61,"55 to 64","eminchini8@hao123.com","Myanmar","APAC",6141.19,"6/15/2020"
658,"Sam Ogden",57,"55 to 64","sogdeni9@purevolume.com","Poland","EMEA",5319.42,"5/24/2020"
659,"Cello Wilfing",60,"55 to 64","cwilfingia@xing.com","Chad","EMEA",37.97,"3/7/2020"
660,"Jana Gosford",75,"65 or over","jgosfordib@umich.edu","China","APAC",2177.11,"11/3/2020"
661,"Cull Agnew",52,"45 to 54","cagnewic@intel.com","Canada","Americas",4765.06,"5/5/2020"
662,"Robin Arundale",79,"65 or over","rarundaleid@canalblog.com","China","APAC",6599.91,"9/8/2020"
663,"Leonardo Rolland",51,"45 to 54","lrollandie@histats.com","China","APAC",1013.01,"12/26/2020"
664,"Hercule Warry",81,"65 or over","hwarryif@weebly.com","China","APAC",4206.55,"9/28/2020"
665,"Karney Ellesmere",63,"55 to 64","kellesmereig@domainmarket.com","Ukraine","EMEA",7386.74,"9/17/2020"
666,"Ruperto Gasparro",51,"45 to 54","rgasparroih@creativecommons.org","Republic of the Congo","EMEA",5845.74,"12/21/2020"
667,"Jazmin Colbron",22,"18 to 24","jcolbronii@uiuc.edu","Poland","EMEA",1961.83,"9/30/2021"
668,"Kessiah Galliford",44,"35 to 44","kgallifordij@mozilla.org","Indonesia","APAC",1587.58,"4/8/2020"
669,"Romola Jozefiak",74,"65 or over","rjozefiakik@fastcompany.com","Spain","EMEA",9769.59,"11/20/2020"
670,"Vanny Burdett",83,"65 or over","vburdettil@netlog.com","Bosnia and Herzegovina","EMEA",347.92,"2/11/2021"
671,"Elsbeth Medgewick",83,"65 or over","emedgewickim@seattletimes.com","Portugal","EMEA",9973.3,"2/12/2020"
672,"Langston Smewing",35,"35 to 44","lsmewingin@list-manage.com","Russia","EMEA",748.54,"11/22/2021"
673,"Rodolphe Annett",70,"65 or over","rannettio@xinhuanet.com","Swaziland","EMEA",9898.98,"8/14/2020"
674,"Rozalin Arkley",21,"18 to 24","rarkleyip@dot.gov","United States","Americas",8213.79,"2/12/2021"
675,"Liv Droogan",35,"35 to 44","ldrooganiq@paypal.com","Mexico","Americas",2711.5,"2/15/2021"
676,"Vinni Dericut",25,"25 to 34","vdericutir@webnode.com","Pakistan","EMEA",4762.9,"3/11/2020"
677,"Anni Domeney",39,"35 to 44","adomeneyis@goo.ne.jp","Russia","EMEA",5509.72,"12/10/2021"
678,"Kaila Hilhouse",47,"45 to 54","khilhouseit@1und1.de","Ukraine","EMEA",506.95,"7/31/2020"
679,"Terrijo Cheetam",33,"25 to 34","tcheetamiu@yandex.ru","Japan","APAC",9141.16,"9/15/2021"
680,"Hamnet Herreros",58,"55 to 64","hherrerosiv@addtoany.com","Indonesia","APAC",3361.92,"4/26/2020"
681,"Dian Rodson",68,"65 or over","drodsoniw@blogs.com","Philippines","APAC",2042.97,"5/19/2021"
682,"Linoel Joppich",52,"45 to 54","ljoppichix@salon.com","Philippines","APAC",949.03,"1/11/2020"
683,"Erna Lardner",77,"65 or over","elardneriy@mashable.com","Greece","EMEA",3844.26,"7/7/2020"
684,"Elsy Ivanyukov",44,"35 to 44","eivanyukoviz@cmu.edu","China","APAC",587.97,"11/21/2021"
685,"Fairlie Sleep",48,"45 to 54","fsleepj0@zimbio.com","Indonesia","APAC",459.84,"2/12/2020"
686,"Tiphanie Hindshaw",51,"45 to 54","thindshawj1@usnews.com","Armenia","EMEA",6696.61,"10/9/2021"
687,"Nevil Mullett",62,"55 to 64","nmullettj2@github.com","Peru","Americas",5151.15,"6/23/2021"
688,"Rodney Mabey",28,"25 to 34","rmabeyj3@amazon.co.uk","Iran","EMEA",3301.14,"1/16/2021"
689,"Angie Goodisson",60,"55 to 64","agoodissonj4@businessinsider.com","Tanzania","EMEA",9091.73,"8/20/2020"
690,"Zechariah Saurat",18,"18 to 24","zsauratj5@thetimes.co.uk","Philippines","APAC",3813.35,"11/8/2020"
691,"Birgit Goodfellowe",35,"35 to 44","bgoodfellowej6@home.pl","Canada","Americas",8530.78,"4/17/2020"
692,"Tymothy Jaxon",32,"25 to 34","tjaxonj7@theguardian.com","Brazil","Americas",288.33,"2/5/2020"
693,"Dall Edgington",71,"65 or over","dedgingtonj8@opera.com","China","APAC",3383.9,"7/5/2021"
694,"Adolpho Bloy",39,"35 to 44","abloyj9@thetimes.co.uk","Indonesia","APAC",7460.6,"4/28/2020"
695,"Jeanna Vickors",48,"45 to 54","jvickorsja@google.com.hk","Russia","EMEA",1354.64,"5/11/2021"
696,"Franni O'Luney",77,"65 or over","foluneyjb@blogtalkradio.com","Norway","EMEA",8763.05,"2/22/2020"
697,"Rozanne Kwiek",28,"25 to 34","rkwiekjc@so-net.ne.jp","Serbia","EMEA",2531.1,"1/19/2020"
698,"Thurston Gaynes",83,"65 or over","tgaynesjd@rediff.com","Portugal","EMEA",3706.31,"5/7/2020"
699,"Bobinette Oxshott",60,"55 to 64","boxshottje@elegantthemes.com","China","APAC",8803.14,"12/9/2021"
700,"Bertram Conring",48,"45 to 54","bconringjf@wsj.com","Indonesia","APAC",7985.93,"5/9/2021"
701,"Halette Fullicks",59,"55 to 64","hfullicksjg@vistaprint.com","Russia","EMEA",717.94,"9/10/2021"
702,"Lammond Hourigan",58,"55 to 64","lhouriganjh@apache.org","Papua New Guinea","APAC",396.65,"9/6/2020"
703,"Kathleen Tomaszewski",83,"65 or over","ktomaszewskiji@ask.com","Pakistan","EMEA",7534.61,"12/13/2021"
704,"Vaughan Bjorkan",64,"55 to 64","vbjorkanjj@umn.edu","China","APAC",7483.38,"3/3/2021"
705,"Terrance Inglesant",68,"65 or over","tinglesantjk@tinyurl.com","Poland","EMEA",2712.11,"6/4/2020"
706,"Jillian Achurch",53,"45 to 54","jachurchjl@google.co.jp","Brazil","Americas",4651.82,"12/3/2021"
707,"Dick Harmson",19,"18 to 24","dharmsonjm@globo.com","China","APAC",42.16,"11/25/2020"
708,"Dukey Brandi",54,"45 to 54","dbrandijn@nsw.gov.au","Ukraine","EMEA",1108.09,"10/5/2020"
709,"Jodi Abate",65,"65 or over","jabatejo@sohu.com","Russia","EMEA",7831.52,"6/9/2020"
710,"Johannes Skirvin",38,"35 to 44","jskirvinjp@homestead.com","Philippines","APAC",1523.45,"5/8/2020"
711,"Rossie Redborn",31,"25 to 34","rredbornjq@nba.com","Ghana","EMEA",6945.09,"6/4/2021"
712,"Tannie Sparham",32,"25 to 34","tsparhamjr@moonfruit.com","Canada","Americas",1777.78,"10/28/2021"
713,"Sheilah Colbridge",83,"65 or over","scolbridgejs@harvard.edu","Indonesia","APAC",2233.9,"10/23/2021"
714,"Marnia Ochterlony",63,"55 to 64","mochterlonyjt@oracle.com","Indonesia","APAC",5484.83,"1/8/2021"
715,"Arlana McPhelimy",45,"45 to 54","amcphelimyju@nifty.com","Indonesia","APAC",1374.94,"2/6/2021"
716,"Janna Abbys",84,"65 or over","jabbysjv@list-manage.com","Colombia","Americas",6726.51,"7/23/2020"
717,"Pearle Cantillion",75,"65 or over","pcantillionjw@narod.ru","Russia","EMEA",5432.18,"6/30/2020"
718,"Cora Wollaston",41,"35 to 44","cwollastonjx@zdnet.com","Indonesia","APAC",3.05,"3/9/2020"
719,"Claudell Campo",40,"35 to 44","ccampojy@xing.com","Philippines","APAC",4533.63,"8/1/2020"
720,"Darill Ingerman",68,"65 or over","dingermanjz@blogs.com","Kenya","EMEA",239.56,"8/29/2020"
721,"Otha Hudless",83,"65 or over","ohudlessk0@blogtalkradio.com","France","EMEA",1828.05,"3/18/2020"
722,"Nickie Switzer",63,"55 to 64","nswitzerk1@webeden.co.uk","China","APAC",3593.16,"10/26/2020"
723,"Lynsey Saunter",39,"35 to 44","lsaunterk2@addtoany.com","Iran","EMEA",7731.6,"11/5/2021"
724,"Muriel Fendley",19,"18 to 24","mfendleyk3@dell.com","Indonesia","APAC",1661.15,"1/18/2020"
725,"Tallie Sambrok",84,"65 or over","tsambrokk4@e-recht24.de","Indonesia","APAC",8114.65,"6/16/2020"
726,"Loella Cosens",55,"55 to 64","lcosensk5@mapy.cz","China","APAC",2127.96,"4/30/2020"
727,"Lorettalorna Pitcher",33,"25 to 34","lpitcherk6@webs.com","Canada","Americas",3534.53,"8/1/2021"
728,"Grayce Coveney",36,"35 to 44","gcoveneyk7@xing.com","China","APAC",6241.91,"11/7/2020"
729,"Chrissy Pauler",62,"55 to 64","cpaulerk8@cbslocal.com","Costa Rica","Americas",7401.86,"9/1/2020"
730,"Zebadiah Huxtable",75,"65 or over","zhuxtablek9@craigslist.org","Russia","EMEA",1234.47,"2/9/2020"
731,"Udall Balfour",23,"18 to 24","ubalfourka@bluehost.com","Portugal","EMEA",4100.71,"11/9/2021"
732,"Giffard Dobbie",28,"25 to 34","gdobbiekb@blinklist.com","Albania","EMEA",2739.13,"7/29/2020"
733,"Elonore Scaice",32,"25 to 34","escaicekc@ebay.com","Portugal","EMEA",8604.46,"9/30/2021"
734,"Rea Fick",81,"65 or over","rfickkd@shutterfly.com","China","APAC",7335.59,"5/2/2020"
735,"Lory Sidney",81,"65 or over","lsidneyke@shinystat.com","China","APAC",4327.13,"12/16/2021"
736,"Filip Fisbey",85,"65 or over","ffisbeykf@rediff.com","Indonesia","APAC",9580.11,"7/11/2020"
737,"Vevay Blunt",32,"25 to 34","vbluntkg@unesco.org","Canada","Americas",524.96,"11/7/2020"
738,"Tibold Daniellot",39,"35 to 44","tdaniellotkh@zimbio.com","Chad","EMEA",9000.83,"6/14/2021"
739,"Abner Buckell",74,"65 or over","abuckellki@feedburner.com","Philippines","APAC",578.39,"9/20/2021"
740,"Meggy Armfirld",41,"35 to 44","marmfirldkj@tripod.com","China","APAC",5014.89,"3/22/2020"
741,"Eustace Trask",55,"55 to 64","etraskkk@prlog.org","Portugal","EMEA",2328.2,"12/13/2020"
742,"Ravi Camier",52,"45 to 54","rcamierkl@latimes.com","Russia","EMEA",1925.82,"1/2/2020"
743,"Christy Durie",71,"65 or over","cduriekm@narod.ru","Sweden","EMEA",6101.75,"2/21/2021"
744,"Melva Biddles",68,"65 or over","mbiddleskn@hostgator.com","Japan","APAC",9388.68,"5/20/2021"
745,"Agna Shrieve",81,"65 or over","ashrieveko@multiply.com","Sweden","EMEA",1239.78,"7/16/2020"
746,"Alexio Dix",72,"65 or over","adixkp@theguardian.com","China","APAC",9115.28,"2/20/2020"
747,"Darcee MacCroary",40,"35 to 44","dmaccroarykq@dailymail.co.uk","Turkey","EMEA",507.02,"9/24/2020"
748,"Harmony Krolak",67,"65 or over","hkrolakkr@indiegogo.com","Philippines","APAC",8552.51,"7/21/2020"
749,"Rici Cridlan",19,"18 to 24","rcridlanks@goodreads.com","Suriname","Americas",5029.16,"5/11/2020"
750,"Patin Cholonin",41,"35 to 44","pcholoninkt@geocities.jp","United States","Americas",6115.61,"9/7/2020"
751,"Lona Boice",83,"65 or over","lboiceku@csmonitor.com","Sweden","EMEA",2060.84,"6/13/2020"
752,"Analiese McCurt",33,"25 to 34","amccurtkv@privacy.gov.au","Bolivia","Americas",3066.45,"3/27/2020"
753,"Pam Doding",50,"45 to 54","pdodingkw@histats.com","Russia","EMEA",2785.08,"5/20/2020"
754,"Bailie Fitzsimmons",27,"25 to 34","bfitzsimmonskx@nifty.com","Germany","EMEA",3863.06,"11/20/2021"
755,"Barbara-anne Petrov",64,"55 to 64","bpetrovky@furl.net","Japan","APAC",4272.6,"11/6/2021"
756,"Pamela Byrd",52,"45 to 54","pbyrdkz@homestead.com","Belarus","EMEA",3441.76,"1/21/2021"
757,"Magdalene Wythill",49,"45 to 54","mwythilll0@microsoft.com","Nicaragua","Americas",3052.27,"8/3/2020"
758,"Saudra Plumbridge",56,"55 to 64","splumbridgel1@soundcloud.com","Japan","APAC",5330.97,"9/2/2021"
759,"Darleen Neil",58,"55 to 64","dneill2@simplemachines.org","Canada","Americas",1355.58,"4/14/2020"
760,"Nestor Comusso",58,"55 to 64","ncomussol3@51.la","China","APAC",9838.26,"3/10/2020"
761,"Pennie Bernt",33,"25 to 34","pberntl4@people.com.cn","China","APAC",5563.6,"2/18/2021"
762,"Ailis Halfhyde",28,"25 to 34","ahalfhydel5@va.gov","Philippines","APAC",9379.99,"1/22/2021"
763,"Fae Zylberdik",53,"45 to 54","fzylberdikl6@cornell.edu","Iraq","EMEA",2938.54,"1/12/2020"
764,"Jedidiah Cole",82,"65 or over","jcolel7@geocities.jp","Peru","Americas",8450.16,"6/12/2021"
765,"Reinold Fasset",68,"65 or over","rfassetl8@tumblr.com","Dominican Republic","Americas",3170.01,"11/20/2020"
766,"Tadio Pioch",73,"65 or over","tpiochl9@salon.com","Indonesia","APAC",370.79,"4/13/2021"
767,"Kory Judgkins",47,"45 to 54","kjudgkinsla@elegantthemes.com","Czech Republic","EMEA",7651.97,"5/29/2020"
768,"Denny Aries",37,"35 to 44","darieslb@hud.gov","Sweden","EMEA",7930.35,"4/29/2021"
769,"Jacky Francesch",43,"35 to 44","jfranceschlc@umich.edu","Brazil","Americas",8285.91,"12/21/2020"
770,"Pamelina Fargie",75,"65 or over","pfargield@desdev.cn","Poland","EMEA",1739.79,"10/14/2020"
771,"Monty Notti",60,"55 to 64","mnottile@prlog.org","China","APAC",7340.64,"4/25/2020"
772,"Kippie Kobpal",64,"55 to 64","kkobpallf@mozilla.org","Argentina","Americas",4601.5,"7/6/2020"
773,"Robbert Poulgreen",61,"55 to 64","rpoulgreenlg@earthlink.net","Ukraine","EMEA",1607.85,"1/7/2021"
774,"Birdie Ogborn",24,"18 to 24","bogbornlh@phoca.cz","Colombia","Americas",2611.67,"1/20/2021"
775,"Nicolis Joscelyn",23,"18 to 24","njoscelynli@wisc.edu","Portugal","EMEA",2994.38,"10/23/2020"
776,"Rachelle Matzeitis",76,"65 or over","rmatzeitislj@g.co","Indonesia","APAC",4871.71,"12/22/2020"
777,"Lilas Witz",72,"65 or over","lwitzlk@mac.com","Guatemala","Americas",6922.15,"2/10/2021"
778,"Gayle Tesoe",60,"55 to 64","gtesoell@dailymotion.com","China","APAC",8442.36,"1/21/2021"
779,"Burke McPake",52,"45 to 54","bmcpakelm@dion.ne.jp","Brazil","Americas",2987.2,"8/22/2021"
780,"Lotti Walder",26,"25 to 34","lwalderln@github.com","Japan","APAC",5001.56,"6/6/2021"
781,"Chrotoem Nutley",28,"25 to 34","cnutleylo@berkeley.edu","Micronesia","APAC",7496.82,"10/4/2021"
782,"Shawna Gorries",75,"65 or over","sgorrieslp@elegantthemes.com","Portugal","EMEA",1324.19,"3/19/2021"
783,"Esma Ghidini",57,"55 to 64","eghidinilq@cdc.gov","China","APAC",4771.36,"11/28/2021"
784,"Barbabas Samsin",37,"35 to 44","bsamsinlr@usa.gov","Czech Republic","EMEA",6892.05,"5/14/2021"
785,"Aldwin Elgy",66,"65 or over","aelgyls@msn.com","Japan","APAC",4836.26,"10/30/2020"
786,"Charissa Brackstone",26,"25 to 34","cbrackstonelt@dagondesign.com","China","APAC",9612.89,"9/16/2021"
787,"Beatriz Devigne",67,"65 or over","bdevignelu@upenn.edu","Russia","EMEA",578.1,"3/14/2021"
788,"Matilda Adamolli",66,"65 or over","madamollilv@meetup.com","Maldives","APAC",1562.04,"8/2/2020"
789,"Jacintha LeEstut",31,"25 to 34","jleestutlw@360.cn","Russia","EMEA",203.95,"5/12/2021"
790,"Joelie Tolemache",62,"55 to 64","jtolemachelx@seattletimes.com","Myanmar","APAC",7665.2,"11/18/2020"
791,"Elwood Buscher",82,"65 or over","ebuscherly@biglobe.ne.jp","China","APAC",1986.8,"12/7/2020"
792,"Meade Derisley",35,"35 to 44","mderisleylz@friendfeed.com","Kazakhstan","EMEA",81.58,"12/18/2021"
793,"Zeb Crinion",72,"65 or over","zcrinionm0@arizona.edu","Mongolia","APAC",9243.58,"7/24/2021"
794,"Joletta Corroyer",75,"65 or over","jcorroyerm1@reference.com","Kenya","EMEA",6473.66,"11/19/2021"
795,"Krispin Pigne",60,"55 to 64","kpignem2@seattletimes.com","China","APAC",2597.36,"10/27/2020"
796,"Christopher Millen",77,"65 or over","cmillenm3@tamu.edu","Brazil","Americas",2663.5,"10/19/2021"
797,"Nikolai Dall",66,"65 or over","ndallm4@posterous.com","Pakistan","EMEA",9902.61,"5/13/2021"
798,"Phyllida Bridgewood",50,"45 to 54","pbridgewoodm5@ca.gov","Palestinian Territory","EMEA",9858.01,"10/11/2020"
799,"Ferrel Vasler",81,"65 or over","fvaslerm6@marketwatch.com","Panama","Americas",6576.69,"2/29/2020"
800,"Alvinia Abby",44,"35 to 44","aabbym7@google.com.br","Portugal","EMEA",9970.46,"1/12/2020"
801,"Alexia Birkett",59,"55 to 64","abirkettm8@shinystat.com","Canada","Americas",3356.13,"10/27/2020"
802,"Deane Raubenheimer",18,"18 to 24","draubenheimerm9@cafepress.com","Indonesia","APAC",3659.86,"9/1/2021"
803,"Allison Edgley",50,"45 to 54","aedgleyma@deviantart.com","Dominican Republic","Americas",7099.98,"4/11/2021"
804,"Cash McKeller",84,"65 or over","cmckellermb@acquirethisname.com","Czech Republic","EMEA",9102.39,"11/18/2020"
805,"Brnaba Farrance",38,"35 to 44","bfarrancemc@parallels.com","Sudan","EMEA",4889.51,"2/26/2020"
806,"Ceciley Idill",28,"25 to 34","cidillmd@stanford.edu","Indonesia","APAC",8789.76,"2/21/2020"
807,"Karlis Uren",38,"35 to 44","kurenme@dyndns.org","China","APAC",6681.71,"10/4/2020"
808,"Bent McLuckie",18,"18 to 24","bmcluckiemf@prweb.com","Poland","EMEA",1948.7,"10/20/2021"
809,"Cristie Tatlow",51,"45 to 54","ctatlowmg@over-blog.com","Indonesia","APAC",7163.15,"11/25/2020"
810,"Averill Clemo",22,"18 to 24","aclemomh@harvard.edu","Indonesia","APAC",8450.34,"5/25/2020"
811,"Lyell Joyes",85,"65 or over","ljoyesmi@theatlantic.com","Russia","EMEA",7459.17,"5/22/2021"
812,"Maxy Duckham",38,"35 to 44","mduckhammj@chronoengine.com","China","APAC",8932.91,"4/17/2020"
813,"Laryssa Clemoes",78,"65 or over","lclemoesmk@google.com.hk","Indonesia","APAC",3796.66,"3/6/2021"
814,"Aubry O'Corrane",48,"45 to 54","aocorraneml@tmall.com","Indonesia","APAC",5419.83,"12/3/2020"
815,"Torry Lindhe",48,"45 to 54","tlindhemm@delicious.com","Mali","EMEA",1260.5,"11/20/2021"
816,"Alejandrina Parlot",31,"25 to 34","aparlotmn@wp.com","Iraq","EMEA",5887.42,"10/13/2021"
817,"Sephira Pancoust",34,"25 to 34","spancoustmo@facebook.com","Poland","EMEA",8474.1,"2/3/2021"
818,"Dorine Hilley",50,"45 to 54","dhilleymp@lycos.com","Sweden","EMEA",1835.54,"11/30/2021"
819,"Wilfrid Squires",42,"35 to 44","wsquiresmq@friendfeed.com","Indonesia","APAC",6422.73,"3/2/2021"
820,"Chelsy Maymand",25,"25 to 34","cmaymandmr@dailymotion.com","Colombia","Americas",3375.74,"1/9/2020"
821,"Minerva Winkless",37,"35 to 44","mwinklessms@msn.com","France","EMEA",2544.09,"11/22/2020"
822,"Dorice Collelton",65,"65 or over","dcolleltonmt@google.fr","Japan","APAC",3516.22,"7/14/2021"
823,"Eugenia Yakuntzov",28,"25 to 34","eyakuntzovmu@princeton.edu","Czech Republic","EMEA",5799.72,"10/30/2020"
824,"Auguste Juarez",48,"45 to 54","ajuarezmv@deviantart.com","China","APAC",4185.5,"11/6/2020"
825,"Urbain Aguirre",21,"18 to 24","uaguirremw@icio.us","Portugal","EMEA",8643.89,"10/14/2021"
826,"Bidget O'Sheils",68,"65 or over","bosheilsmx@house.gov","Indonesia","APAC",6420.89,"9/20/2021"
827,"Erhard Tourry",74,"65 or over","etourrymy@youtu.be","Syria","EMEA",3040.56,"2/3/2020"
828,"Lay Burgh",83,"65 or over","lburghmz@paginegialle.it","Brazil","Americas",7485.07,"12/29/2020"
829,"Siffre Terrelly",41,"35 to 44","sterrellyn0@alibaba.com","Portugal","EMEA",7315.29,"7/27/2021"
830,"Vin Malimoe",44,"35 to 44","vmalimoen1@tamu.edu","China","APAC",9214.98,"12/25/2021"
831,"Suzi Kiezler",48,"45 to 54","skiezlern2@illinois.edu","Indonesia","APAC",1184.52,"2/28/2021"
832,"Stafani Cranmer",49,"45 to 54","scranmern3@163.com","China","APAC",2561.87,"3/4/2020"
833,"Norrie Karlqvist",43,"35 to 44","nkarlqvistn4@clickbank.net","Yemen","EMEA",9987.07,"8/21/2020"
834,"Spenser Grichukhanov",73,"65 or over","sgrichukhanovn5@yellowbook.com","Czech Republic","EMEA",638.58,"2/9/2020"
835,"Frasco Amy",63,"55 to 64","famyn6@qq.com","Russia","EMEA",1457.38,"9/5/2020"
836,"Farrand Burfield",66,"65 or over","fburfieldn7@nyu.edu","Norway","EMEA",2876.93,"3/28/2021"
837,"Alexis Mac Giany",29,"25 to 34","amacn8@ustream.tv","China","APAC",4833.11,"9/21/2020"
838,"Ryon Shilston",39,"35 to 44","rshilstonn9@deliciousdays.com","China","APAC",7285.33,"7/24/2021"
839,"Chick Norker",43,"35 to 44","cnorkerna@cbc.ca","Indonesia","APAC",7074.18,"2/7/2020"
840,"Ashla Gaukrodge",32,"25 to 34","agaukrodgenb@issuu.com","Brazil","Americas",2064.18,"5/19/2021"
841,"Gregory Feedome",51,"45 to 54","gfeedomenc@economist.com","Philippines","APAC",5775.63,"3/16/2020"
842,"Traver Epton",19,"18 to 24","teptonnd@huffingtonpost.com","United States","Americas",8086.44,"1/8/2021"
843,"Delphine Aulsford",66,"65 or over","daulsfordne@blinklist.com","Gambia","EMEA",1512.33,"10/8/2021"
844,"Adela Vedenisov",26,"25 to 34","avedenisovnf@npr.org","Philippines","APAC",8102.81,"9/5/2020"
845,"Geraldine Dunnett",81,"65 or over","gdunnettng@sitemeter.com","Russia","EMEA",9994.3,"11/12/2020"
846,"Richmound Dofty",26,"25 to 34","rdoftynh@is.gd","Costa Rica","Americas",977.66,"5/21/2021"
847,"Susanna Semered",29,"25 to 34","ssemeredni@disqus.com","Indonesia","APAC",9336.32,"8/18/2020"
848,"Rurik McGillacoell",48,"45 to 54","rmcgillacoellnj@ca.gov","Croatia","EMEA",606.21,"1/5/2021"
849,"Stillman Mansion",23,"18 to 24","smansionnk@whitehouse.gov","China","APAC",8556.36,"5/12/2021"
850,"Staffard Siggee",22,"18 to 24","ssiggeenl@geocities.jp","China","APAC",4520.8,"4/11/2021"
851,"Bari Lunbech",71,"65 or over","blunbechnm@va.gov","Indonesia","APAC",7832.98,"5/26/2021"
852,"George Craw",33,"25 to 34","gcrawnn@slashdot.org","Portugal","EMEA",9549.86,"11/3/2021"
853,"Robinetta Gallafant",25,"25 to 34","rgallafantno@over-blog.com","Brazil","Americas",7802.91,"11/4/2020"
854,"Nerte Hucks",36,"35 to 44","nhucksnp@opera.com","Russia","EMEA",8212.65,"6/6/2021"
855,"Tristam Whipp",45,"45 to 54","twhippnq@ucoz.ru","Thailand","APAC",6490.02,"12/30/2021"
856,"Amalie Zorzoni",29,"25 to 34","azorzoninr@trellian.com","Ukraine","EMEA",6674.35,"5/8/2020"
857,"Mireielle Leggott",54,"45 to 54","mleggottns@wisc.edu","Indonesia","APAC",766.45,"7/21/2021"
858,"Jody Scorthorne",52,"45 to 54","jscorthornent@smugmug.com","Indonesia","APAC",9551.43,"9/25/2021"
859,"Amber Chesters",75,"65 or over","achestersnu@nhs.uk","Azerbaijan","EMEA",7786.72,"3/8/2020"
860,"Bertina Broughton",83,"65 or over","bbroughtonnv@seattletimes.com","Ukraine","EMEA",4769.54,"9/25/2020"
861,"Mela Silmon",51,"45 to 54","msilmonnw@skype.com","Luxembourg","EMEA",7125.3,"8/2/2021"
862,"Lawton Boardman",46,"45 to 54","lboardmannx@europa.eu","United States","Americas",6546.86,"8/30/2021"
863,"Briano Broseman",65,"65 or over","bbrosemanny@godaddy.com","China","APAC",2162.94,"12/20/2021"
864,"Cesaro Matz",74,"65 or over","cmatznz@berkeley.edu","Papua New Guinea","APAC",8892.58,"11/3/2020"
865,"Yank McIlvenny",63,"55 to 64","ymcilvennyo0@storify.com","Latvia","EMEA",1532.94,"6/3/2020"
866,"Rosanne Gatch",61,"55 to 64","rgatcho1@pen.io","Indonesia","APAC",9167.81,"1/10/2020"
867,"Kermie Farmiloe",81,"65 or over","kfarmiloeo2@google.ru","Portugal","EMEA",8672.36,"5/21/2021"
868,"Reiko Kolis",35,"35 to 44","rkoliso3@usa.gov","Tunisia","EMEA",4208.9,"5/16/2021"
869,"Rabbi Hudless",35,"35 to 44","rhudlesso4@youtu.be","Czech Republic","EMEA",2508.46,"1/19/2021"
870,"Dunstan Sergant",56,"55 to 64","dserganto5@springer.com","China","APAC",5283.38,"8/21/2020"
871,"Gerardo Timlin",26,"25 to 34","gtimlino6@nhs.uk","Sweden","EMEA",7724.1,"11/16/2021"
872,"Nicki Schoroder",40,"35 to 44","nschorodero7@surveymonkey.com","China","APAC",7301.89,"11/5/2020"
873,"Davon Ogglebie",69,"65 or over","dogglebieo8@theatlantic.com","Lesotho","EMEA",2133,"5/29/2020"
874,"Stacy Andretti",83,"65 or over","sandrettio9@nydailynews.com","Saudi Arabia","EMEA",9102.92,"11/25/2021"
875,"Percival Sharphouse",79,"65 or over","psharphouseoa@craigslist.org","China","APAC",4156.57,"1/21/2020"
876,"Hilario Halfpenny",67,"65 or over","hhalfpennyob@rambler.ru","New Zealand","APAC",9676.29,"8/8/2020"
877,"Janene McKimm",54,"45 to 54","jmckimmoc@elegantthemes.com","Israel","EMEA",3848.69,"7/23/2021"
878,"Elonore Trenoweth",33,"25 to 34","etrenowethod@taobao.com","Indonesia","APAC",7748.92,"11/6/2021"
879,"Cherri Gusney",69,"65 or over","cgusneyoe@techcrunch.com","Bulgaria","EMEA",4048.93,"2/29/2020"
880,"Eleanore Olle",40,"35 to 44","eolleof@tumblr.com","China","APAC",6051.54,"7/31/2020"
881,"Vickie Apedaile",75,"65 or over","vapedaileog@newsvine.com","China","APAC",5510.13,"6/30/2021"
882,"Maggi Stollenhof",61,"55 to 64","mstollenhofoh@ehow.com","Brazil","Americas",5428.59,"3/21/2020"
883,"Jackie Wasielewicz",54,"45 to 54","jwasielewiczoi@economist.com","Indonesia","APAC",9145.92,"8/26/2021"
884,"Erek Fulmen",67,"65 or over","efulmenoj@joomla.org","Indonesia","APAC",4998.51,"1/6/2020"
885,"Ambrose Suller",56,"55 to 64","asullerok@ehow.com","Sweden","EMEA",9304.42,"1/23/2021"
886,"Alric Humbell",29,"25 to 34","ahumbellol@nifty.com","Norway","EMEA",2267.29,"11/7/2020"
887,"Bunnie Siney",67,"65 or over","bsineyom@oakley.com","Colombia","Americas",6825.36,"2/29/2020"
888,"Lynnett Rivlin",84,"65 or over","lrivlinon@rakuten.co.jp","Guam","APAC",1364.61,"2/2/2021"
889,"Dani Harness",58,"55 to 64","dharnessoo@ted.com","Canada","Americas",9504.47,"6/15/2021"
890,"Graehme Czaja",51,"45 to 54","gczajaop@goodreads.com","Indonesia","APAC",1902.67,"4/1/2020"
891,"Tamera Kolis",36,"35 to 44","tkolisoq@businessinsider.com","Cuba","Americas",763.19,"2/11/2020"
892,"Griffy Gehrtz",53,"45 to 54","ggehrtzor@zdnet.com","China","APAC",6895.42,"10/20/2020"
893,"Jemmie Entwhistle",44,"35 to 44","jentwhistleos@spiegel.de","Indonesia","APAC",4302.89,"11/4/2021"
894,"Huberto Prall",68,"65 or over","hprallot@dedecms.com","Poland","EMEA",6060.58,"7/2/2020"
895,"Moses Blanchard",54,"45 to 54","mblanchardou@berkeley.edu","Russia","EMEA",6352.1,"11/23/2021"
896,"Vinny Tourne",72,"65 or over","vtourneov@stumbleupon.com","Philippines","APAC",5746.74,"12/20/2021"
897,"Rodrique Hartington",39,"35 to 44","rhartingtonow@washingtonpost.com","China","APAC",6502.32,"8/17/2020"
898,"Hailee Craigheid",80,"65 or over","hcraigheidox@who.int","China","APAC",800.57,"3/3/2021"
899,"Vicky Wildbore",75,"65 or over","vwildboreoy@typepad.com","China","APAC",6296.38,"10/17/2021"
900,"Belia Cawood",70,"65 or over","bcawoodoz@last.fm","China","APAC",7706.39,"6/29/2020"
901,"Bonnee Lammert",78,"65 or over","blammertp0@bbb.org","Netherlands","EMEA",4919.75,"12/22/2021"
902,"August Lealle",26,"25 to 34","aleallep1@sfgate.com","Poland","EMEA",3967.87,"12/31/2020"
903,"Richmound Ralston",22,"18 to 24","rralstonp2@opera.com","Indonesia","APAC",541.34,"1/18/2021"
904,"Norrie Taggerty",58,"55 to 64","ntaggertyp3@dropbox.com","China","APAC",1246.61,"9/22/2021"
905,"Care Wiskar",64,"55 to 64","cwiskarp4@soup.io","Indonesia","APAC",6550.8,"4/17/2020"
906,"Jemmie Ruselin",18,"18 to 24","jruselinp5@joomla.org","Kenya","EMEA",7452.16,"12/4/2020"
907,"Ephrayim Jennison",57,"55 to 64","ejennisonp6@nature.com","Sweden","EMEA",9304.08,"11/10/2020"
908,"Freddie Abbate",20,"18 to 24","fabbatep7@ning.com","China","APAC",6289.52,"8/28/2020"
909,"Willi Queyos",20,"18 to 24","wqueyosp8@tiny.cc","Tunisia","EMEA",8349.5,"12/27/2021"
910,"Tandi De Angelo",56,"55 to 64","tdep9@washington.edu","China","APAC",2847.59,"12/22/2021"
911,"Jeannie Hoyles",60,"55 to 64","jhoylespa@trellian.com","United States","Americas",4612.02,"4/17/2020"
912,"Lovell Glancy",35,"35 to 44","lglancypb@squidoo.com","Iran","EMEA",5255.43,"1/17/2021"
913,"Chrystal Peartree",19,"18 to 24","cpeartreepc@com.com","Uganda","EMEA",1445.79,"3/16/2020"
914,"Giordano MacMenamin",44,"35 to 44","gmacmenaminpd@google.ru","South Korea","APAC",6749.2,"8/29/2021"
915,"Marybelle Childers",26,"25 to 34","mchilderspe@ucoz.ru","Indonesia","APAC",6868.79,"6/18/2020"
916,"Jolene Grassett",21,"18 to 24","jgrassettpf@lycos.com","China","APAC",5235.16,"2/10/2021"
917,"Lloyd Gibben",85,"65 or over","lgibbenpg@csmonitor.com","Malaysia","APAC",1069.1,"9/11/2020"
918,"Wandie Leatham",39,"35 to 44","wleathamph@indiatimes.com","Croatia","EMEA",8643.65,"5/21/2020"
919,"Ewell Zanicchelli",82,"65 or over","ezanicchellipi@biglobe.ne.jp","China","APAC",842.13,"12/20/2020"
920,"Jemmy Click",50,"45 to 54","jclickpj@meetup.com","China","APAC",7460.57,"2/25/2020"
921,"Mar Illston",52,"45 to 54","millstonpk@1und1.de","Sint Maarten","Americas",9539.76,"7/26/2020"
922,"Belle Watson",18,"18 to 24","bwatsonpl@gmpg.org","Sweden","EMEA",6359.24,"2/10/2021"
923,"Fanya Dawidowitsch",62,"55 to 64","fdawidowitschpm@paypal.com","Greece","EMEA",4601.73,"11/1/2020"
924,"Sammie McLanaghan",25,"25 to 34","smclanaghanpn@acquirethisname.com","Poland","EMEA",6944.64,"3/5/2020"
925,"Jefferson Pawelski",22,"18 to 24","jpawelskipo@ustream.tv","Indonesia","APAC",8561.53,"12/9/2021"
926,"Shirl Mertsching",67,"65 or over","smertschingpp@ebay.co.uk","France","EMEA",6992.32,"7/9/2020"
927,"Merridie Erangy",64,"55 to 64","merangypq@squarespace.com","Russia","EMEA",8702.36,"7/16/2020"
928,"Wendeline Pigdon",32,"25 to 34","wpigdonpr@google.pl","Slovenia","EMEA",4996.57,"6/17/2020"
929,"Maren Rother",23,"18 to 24","mrotherps@cbc.ca","Portugal","EMEA",2586.55,"8/26/2021"
930,"Persis Goulston",45,"45 to 54","pgoulstonpt@cbsnews.com","Uganda","EMEA",4847.47,"1/15/2021"
931,"Stan Jiles",32,"25 to 34","sjilespu@cisco.com","Mexico","Americas",1973.14,"10/26/2020"
932,"Tricia Brilleman",70,"65 or over","tbrillemanpv@sfgate.com","Argentina","Americas",6136.96,"6/15/2021"
933,"Kit Ducroe",21,"18 to 24","kducroepw@constantcontact.com","Russia","EMEA",7835.03,"7/20/2021"
934,"Orrin Jamieson",29,"25 to 34","ojamiesonpx@ask.com","Guinea","EMEA",6408.31,"10/29/2021"
935,"Norman Spreag",82,"65 or over","nspreagpy@walmart.com","China","APAC",9121.68,"5/30/2020"
936,"Emanuele Hoofe",62,"55 to 64","ehoofepz@cmu.edu","Uruguay","Americas",3278.51,"11/23/2021"
937,"Erminie Scadding",20,"18 to 24","escaddingq0@ted.com","Portugal","EMEA",3911.19,"3/2/2020"
938,"Orelee Grimwade",59,"55 to 64","ogrimwadeq1@lulu.com","Indonesia","APAC",6800.56,"12/12/2020"
939,"Rosie Hilary",59,"55 to 64","rhilaryq2@shop-pro.jp","Poland","EMEA",5468.46,"3/29/2020"
940,"Salvidor Revens",67,"65 or over","srevensq3@bloglines.com","Indonesia","APAC",6731.7,"5/13/2021"
941,"Anna-diane Ledrun",56,"55 to 64","aledrunq4@reverbnation.com","Kenya","EMEA",5059.83,"12/1/2021"
942,"Luce Wipper",81,"65 or over","lwipperq5@linkedin.com","Indonesia","APAC",7789.13,"4/6/2021"
943,"Ryun Keay",80,"65 or over","rkeayq6@cnet.com","China","APAC",2585.15,"11/8/2021"
944,"Bordy Bandy",26,"25 to 34","bbandyq7@yahoo.com","Burundi","EMEA",6209.51,"8/5/2020"
945,"Renard Penberthy",46,"45 to 54","rpenberthyq8@nifty.com","Venezuela","Americas",6932.35,"9/2/2021"
946,"Fawne Urrey",20,"18 to 24","furreyq9@smh.com.au","Ukraine","EMEA",690.32,"1/1/2020"
947,"Fletch Coolican",55,"55 to 64","fcoolicanqa@google.it","Indonesia","APAC",3588.8,"11/22/2021"
948,"Dorena Malafe",79,"65 or over","dmalafeqb@booking.com","Sierra Leone","EMEA",6085.01,"8/27/2021"
949,"Lydie Nelane",30,"25 to 34","lnelaneqc@opensource.org","China","APAC",4625.31,"6/30/2021"
950,"Godard Hamfleet",27,"25 to 34","ghamfleetqd@ft.com","Indonesia","APAC",341.67,"10/29/2021"
951,"Charleen Skerman",76,"65 or over","cskermanqe@mapy.cz","Myanmar","APAC",3635.79,"2/1/2021"
952,"Nikolaos Pedrol",25,"25 to 34","npedrolqf@chicagotribune.com","Ukraine","EMEA",6583.3,"11/12/2021"
953,"Chauncey Schellig",49,"45 to 54","cschelligqg@webeden.co.uk","Portugal","EMEA",4961.71,"12/27/2020"
954,"Jodi Espinoza",53,"45 to 54","jespinozaqh@tmall.com","Russia","EMEA",6314.4,"9/23/2021"
955,"Orsa Portingale",47,"45 to 54","oportingaleqi@washingtonpost.com","Portugal","EMEA",1492.22,"4/29/2020"
956,"Lamont Broe",21,"18 to 24","lbroeqj@earthlink.net","France","EMEA",5365.99,"8/12/2021"
957,"Carolee Banasiak",44,"35 to 44","cbanasiakqk@slate.com","China","APAC",9905.35,"5/1/2020"
958,"Jenelle Clapham",71,"65 or over","jclaphamql@miitbeian.gov.cn","Macedonia","EMEA",6512.13,"8/31/2020"
959,"Druci Deeprose",35,"35 to 44","ddeeproseqm@moonfruit.com","Brazil","Americas",8886.33,"4/8/2020"
960,"Alasdair Eriksson",67,"65 or over","aerikssonqn@kickstarter.com","Brazil","Americas",5446.63,"8/30/2020"
961,"Ingeberg Quick",78,"65 or over","iquickqo@cargocollective.com","Russia","EMEA",477.75,"3/24/2020"
962,"Osmond Wayt",23,"18 to 24","owaytqp@istockphoto.com","Indonesia","APAC",2321.13,"5/18/2020"
963,"Aldwin Staddon",35,"35 to 44","astaddonqq@oaic.gov.au","Portugal","EMEA",5435.93,"6/8/2021"
964,"Trenna Baraclough",74,"65 or over","tbaracloughqr@newsvine.com","Russia","EMEA",3391.85,"3/5/2020"
965,"Levi Gumey",30,"25 to 34","lgumeyqs@ibm.com","Sri Lanka","APAC",145.94,"7/17/2020"
966,"Morganica McGruar",48,"45 to 54","mmcgruarqt@live.com","Greece","EMEA",6666.43,"6/29/2020"
967,"Rem Gidden",28,"25 to 34","rgiddenqu@lulu.com","Indonesia","APAC",1135.59,"1/14/2021"
968,"Larry Zamboniari",32,"25 to 34","lzamboniariqv@soup.io","Poland","EMEA",1652.97,"3/4/2020"
969,"Ermin Powles",82,"65 or over","epowlesqw@china.com.cn","Serbia","EMEA",4724.58,"9/4/2021"
970,"Susanna Jollie",70,"65 or over","sjollieqx@yahoo.co.jp","Slovenia","EMEA",4100.6,"7/19/2020"
971,"Sandor Vickers",72,"65 or over","svickersqy@wikimedia.org","Iran","EMEA",4622.89,"10/22/2021"
972,"Skylar Verey",27,"25 to 34","svereyqz@bbc.co.uk","Brazil","Americas",1104.41,"7/3/2021"
973,"Amabelle Bellinger",44,"35 to 44","abellingerr0@furl.net","China","APAC",608.59,"12/4/2020"
974,"Kristian Fasson",56,"55 to 64","kfassonr1@rediff.com","Indonesia","APAC",3502.69,"1/24/2021"
975,"Essie Cargon",77,"65 or over","ecargonr2@hibu.com","Brazil","Americas",2759.1,"1/25/2020"
976,"Tobias Bishopp",32,"25 to 34","tbishoppr3@dedecms.com","Poland","EMEA",2020.42,"1/16/2020"
977,"Armando Hemphall",71,"65 or over","ahemphallr4@i2i.jp","Portugal","EMEA",4768.97,"10/17/2021"
978,"Yehudit Salsbury",32,"25 to 34","ysalsburyr5@msn.com","Brazil","Americas",976.17,"4/10/2020"
979,"Katine Pargiter",44,"35 to 44","kpargiterr6@ftc.gov","Indonesia","APAC",323.61,"2/15/2020"
980,"Osborn Pheasant",21,"18 to 24","opheasantr7@springer.com","Indonesia","APAC",5015.38,"5/11/2021"
981,"Kimberlyn MacCawley",78,"65 or over","kmaccawleyr8@nydailynews.com","Sweden","EMEA",6807.62,"8/18/2020"
982,"Alejandro Martinets",40,"35 to 44","amartinetsr9@theatlantic.com","Indonesia","APAC",6104.04,"9/27/2020"
983,"Ingeborg Issacov",85,"65 or over","iissacovra@nifty.com","Nigeria","EMEA",8317.31,"2/28/2020"
984,"Arlan Justis",57,"55 to 64","ajustisrb@eventbrite.com","Japan","APAC",8860.14,"7/9/2021"
985,"Merrick Bagnal",69,"65 or over","mbagnalrc@ustream.tv","China","APAC",1486.93,"12/23/2021"
986,"Zebedee Philipard",18,"18 to 24","zphilipardrd@opensource.org","Philippines","APAC",9602.03,"3/3/2021"
987,"Hilda De Cristoforo",26,"25 to 34","hdere@ihg.com","Brazil","Americas",2925.96,"8/11/2020"
988,"Luke Toyer",38,"35 to 44","ltoyerrf@alibaba.com","China","APAC",8526.56,"7/21/2021"
989,"Abbey Scholtis",37,"35 to 44","ascholtisrg@fastcompany.com","Canada","Americas",2571.51,"7/22/2020"
990,"Roseline Georges",72,"65 or over","rgeorgesrh@moonfruit.com","Honduras","Americas",2317.01,"9/3/2020"
991,"Renell Bordes",64,"55 to 64","rbordesri@jiathis.com","Belarus","EMEA",5088.28,"2/16/2021"
992,"Lucille Coplestone",28,"25 to 34","lcoplestonerj@cnet.com","China","APAC",147.49,"6/29/2021"
993,"Phillie Benka",77,"65 or over","pbenkark@walmart.com","China","APAC",3675.85,"3/11/2020"
994,"Corrie Tarply",83,"65 or over","ctarplyrl@oakley.com","Indonesia","APAC",6227.7,"11/1/2021"
995,"Carmel Blazynski",39,"35 to 44","cblazynskirm@seesaa.net","China","APAC",1013.31,"4/20/2020"
996,"Pen Baggalley",78,"65 or over","pbaggalleyrn@ox.ac.uk","Malaysia","APAC",9938.1,"2/28/2021"
997,"Louis Aizikowitz",70,"65 or over","laizikowitzro@multiply.com","Canada","Americas",9705.51,"9/30/2020"
998,"Marijn Tipton",48,"45 to 54","mtiptonrp@amazon.co.uk","China","APAC",2573.77,"6/19/2020"
999,"Baldwin Munt",32,"25 to 34","bmuntrq@about.me","Greece","EMEA",1222.92,"5/6/2021"
1000,"Vally MacKomb",48,"45 to 54","vmackombrr@e-recht24.de","Mexico","Americas",4957.15,"2/8/2020"
